NO,都道府県コード又は市区町村コード,都道府県,市区町村名,名称,名称_カナ,設置目的,実施支援の主な区分,住所,方書,緯度,経度,電話番号1,電話番号1_連絡先備考,電話番号2,電話番号2_連絡先備考,内線番号,FAX番号,URL,メールアドレス1,メールアドレス1_連絡先備考,メールアドレス2,メールアドレス2_連絡先備考,法人番号,運営団体名,開催頻度,開催曜日,開催日,開催開始時間,開催終了時間,開催日時特記事項,参加条件,参加費_幼児,参加費_小学生,参加費_中学生,参加費_高校生,参加費_大人,参加費特記事項,予約方法,予約特記事項,定員,フードパントリー実施,テイクアウト実施,学区,ネットワークの加入,追加情報NO,画像,画像_ライセンス,備考
1,11,埼玉県,さいたま市,大宮こども部　「みんなでごはんを食べる会」,,,,さいたま市大宮区吉敷町4丁目223-2,,35.898348,139.635748,,,,,,,,kids.club.omiya@gmail.com,,,,,,5,金,,18:00,21:00,毎月最終金曜日,,0,0,0,0,300,,,,,,,,,,,,
2,11,埼玉県,さいたま市,じおんじこども食堂,,,,さいたま市岩槻区慈恩寺904-1,,35.9800607,139.7142502,090-6044-7311,,,,,,,yamakados@yahoo.co.jp,,,,,,4,火,,17:30,19:00,毎月第2、第4火曜日,,0,0,0,0,100,,,,,,,,埼玉県子ども食堂ネットワーク,,,,
3,11,埼玉県,さいたま市,こもれびごはん,,,,さいたま市桜区大字大久保領家131-6,,35.86956,139.608344,048-852-7412,,,,,,,napualani66@gmail.com,,,,,,5,土,,10:00,14:00,毎月第2土曜　※変更の可能性あり（施設の予約により）,,0,0,0,0,200,,,,,,,,,,,,
4,11,埼玉県,さいたま市,ミサコランド多世代食堂（大宮浅間町食堂）,,,,さいたま市浅間町1-116-8 MSKビル1階,,35.905431,139.634121,,,,,,,http://www.misakoland.co.jp,misakoland@misakoland.co.jp,,,,,,5,土,,,,第3土曜日,,0,0,0,0,500,,,,,,,,埼玉県子ども食堂ネットワーク,,,,
5,11,埼玉県,さいたま市,子どもがつくる　きちんとキッチン,,,,さいたま市大宮区仲町3-88-2,,35.9055448,139.6294807,,,,,,,,yuko.fujiiw@gmail.com,,,,,,,,,,,,,,,,,,,,,,,,,,,,,
6,11,埼玉県,さいたま市,子供食堂にじいろ広場,,,,さいたま市北区日進町3丁目437（日進三丁目自治会館）,,35.9376542,139.602529,090-7401-6660,,,,,,https://nijiirohiroba7.jimdofree.com/,nijiirohiroba7@gmail.com,,,,,,4,水,,,,毎月第3水曜日+2回,,0,0,0,0,300,,,,,1,,,埼玉県子ども食堂ネットワーク,,,,
7,11,埼玉県,さいたま市,見沼はるかぜキッチン,,,,さいたま市見沼区宮ヶ谷塔765（さいたま市春おか広場）,,35.9433746,139.6706867,,,,,,,,m.harukaze.kitchen@gmail.com,,,,,,5,土,,17:00,19:00,毎月第2土曜日,,0,0,0,0,500,,,,,,,,,,,,
8,11,埼玉県,さいたま市,子ども食堂NEO,,,学習支援,さいたま市南区文蔵2-24-7（文蔵サロン内）,,35.841605,139.667974,080-6636-2076,,,,,,http://ameblo.jp/buzosalon-neo2018/,konomati@jcom.zaq.ne.jp,,,,,,5,土,,,,毎月第4土曜日,,300,300,300,300,600,,,,,1,,,埼玉県子ども食堂ネットワーク,,,,
9,11,埼玉県,さいたま市,てらこや食堂,,,,さいたま市大宮区北袋町1-285,,35.8919084,139.6407857,048-627-2411,,,,,,http://kodomo-labo.terakoya-labo.org/terakoyalabo.sakura.ne.jp/,info@terakoya-labo.org,,,,,,5,水,,,,第4水曜日,,0,0,0,0,500,,,,,,,,埼玉県子ども食堂ネットワーク,,,,
10,11,埼玉県,さいたま市,さいたま子ども食堂,,,学習支援,さいたま市緑区原山3-20-9,,35.8729156,139.6772396,048-789-7340,,,,,,http://saitamakodomoshokudo.ai-kenchikukoubou.jp/,saitamakodomoshokudo@ai-kenchikukoubou.jp,,,,,,2,月水金,,14:00,17:00,第2、第3土曜日お弁当プチパントリー　毎週月・水・金,,0,0,0,0,500,大人は1家族当たり500円,,,,,,,埼玉県子ども食堂ネットワーク,,,,
11,11,埼玉県,さいたま市,東岩槻子ども食堂,,,,さいたま市岩槻区東岩槻2-5-26　アライビル1F生活クラブ生協くらぶルームリアン,,35.9661525,139.7079269,090-8342-3709,,,,,,,,,,,,,4,木,,17:30,19:00,毎月第1木曜日、第3木曜日,,,,,,,,,,,,,,埼玉県子ども食堂ネットワーク;さいたま市子ども食堂ネットワーク,,,,
12,11,埼玉県,さいたま市,土呂こども食堂,,,,さいたま市北区土呂町2-12-20　コスモスクエア4階及び6階,,35.9322184,139.6326569,048-729-5848,,,,,,http://www.cosmopharmacy.co.jp/kodomo/index.html,toro.kodomo@cosmopharmacy.co.jp,,,,,,5,土,,,,毎月第3土曜日,,0,0,0,0,500,,,,,,,,埼玉県子ども食堂ネットワーク,,,,
13,11,埼玉県,さいたま市,一鶏☆子供食堂,,,,さいたま市北区,,,,090-2761-4688,,,,,,,,,,,,,8,,,,,不定期（子供がきたら即開催）,,0,0,0,0,,,,,,,,,,,,,
14,11,埼玉県,さいたま市,まんま亭,,,,さいたま市緑区中尾3233,,35.8674204,139.6884054,048-875-7530,,,,,,https://ikiiki.web.wox.cc/,yanagi@ikiikigroup.jp,,,,,,1,月火水木金,,16:00,19:00,,,0,0,0,0,200,,,,,,,,埼玉県子ども食堂ネットワーク,,,,
15,11,埼玉県,さいたま市,わいわいランチ,,,学習支援,さいたま市西区指扇1100-2　医療生協さいたま　おおみや診療所,,35.912086,139.5787998,048-624-0238,,,,,,https://oomiya.info/,oomiya@mcp-saitama.or.jp,,,,,,5,土,,,,第3土曜日,,0,0,0,0,0,,,,,,,,埼玉県子ども食堂ネットワーク,,,,
16,11,埼玉県,さいたま市,楽しく食育クラブ（多世代交流会食）,,,,さいたま市西区三橋2-20-20三橋公民館,,35.903961,139.605047,,,,,,,,kosa11.25@jcom.home.ne.jp,,,,,,5,土,,9:30,12:00,毎月1回第1土曜日,,0,0,0,0,400,,,,,,,,埼玉県子ども食堂ネットワーク,,,,
17,11,埼玉県,さいたま市,♪こどもカフェ♪みんなで食べて楽しいね♪,,,,さいたま市南区鹿手袋7-3-2　ヘルシーカフェのら,,35.847507,139.636192,,,,,,,https://healthy-cafe-nora.jimdofree.com/,childcafe2019@gmail.com,,,,,,5,土,,17:00,18:30,毎月1回　第2土曜日,,0,0,0,0,500,,,,,,,,,,,,
18,11,埼玉県,さいたま市,だがしカフェ夢はうす,,,,さいたま市南区白幡4-13-3,,35.8425527,139.6547946,,,,,,,https://sikodomoshokudo.wixsite.com/ks-dagashicafeyh,emicafe@outlook.com,,,,,,5,金,,17:00,19:00,毎月第2金曜,,0,0,0,0,300,,,,,,,,埼玉県子ども食堂ネットワーク,,,,
19,11,埼玉県,さいたま市,おなかもこころもしあわせごはん,,,,さいたま市見沼区深作1-5-1　春岡公民館,,35.950835,139.66435,,,,,,,,m.harukaze.kitchen@gmail.com,,,,,,5,土,,11:00,12:00,第2土曜日,,0,0,0,0,500,,,,,,,,埼玉県子ども食堂ネットワーク;さいたま市子ども食堂ネットワーク,,,,
20,11,埼玉県,さいたま市,今羽のモリモリ食堂,,,,さいたま市北区今羽町650-1,,35.9508621,139.6254014,048-778-7330,,,,,,,eiyou_konba@eijuso.jp,,,,,,5,金,,,,毎月1回第3金曜日,,0,0,0,0,,大人は内容により無料～400円,,,,,,,埼玉県子ども食堂ネットワーク,,,,
21,11,埼玉県,さいたま市,ファミマこども食堂（ファミリーマートさいたま町谷四丁目店）,,,,さいたま市桜区町谷4-29-12,,35.8540951,139.616619,048-872-8058,,,,,,https://www.family.co.jp/company/csr/children/kodomo-syokudo.html,,,,,,,8,,,,,不定期,,100,100,100,100,400,,,,,,,,,,,,
22,11,埼玉県,川越市,子ども食堂スマイリ（名細公民館）,,,,川越市小堤662-1　名細公民館,,35.939657,139.435293,,,,,,,https://smairi.webnode.jp/,sumairikawagoe@yahoo.co.jp,,,,,,5,木,,17:00,,毎月第3木曜日,,0,0,0,0,0,,,,,,,,,,,,
23,11,埼玉県,川越市,コミュニティカフェひだまり,,,学習支援,川越市川鶴2-11-1　B-11,,35.9233395,139.4109843,080-6593-8109,,,,,,https://www.communitycafe-hidamari.JP,ray3uwamin@jcom.zaq.ne.jp,,,,,,5,土,,11:00,13:00,子ども食堂：毎月第2土曜日、フードパントリー：不定期開催…登録者へ通知,,150,150,150,150,500,,,,,1,,,埼玉県子ども食堂ネットワーク;埼玉フードパントリーネットワーク,,,,
24,11,埼玉県,川越市,大黒屋食堂のこども食堂,,,,川越市仲町5-2,,35.920512,139.4826134,,,,,,,,daikokuya-meshi@uspot.jp,,,,,,5,火,,17:00,19:00,毎月第1火曜日,,100,100,100,100,500,,,,,,,,,,,,
25,11,埼玉県,川越市,ファミマこども食堂（ファミリーマート川越南田島店）,,,,川越市南田島802-1,,35.9044296,139.5077411,049-229-2245,,,,,,,,,,,,,8,,,,,不定期　3ヵ月に1回,,400,400,400,400,600,,,,,,,,埼玉県子ども食堂ネットワーク,,,,
26,11,埼玉県,熊谷市,熊谷なないろ食堂,,,学習支援,熊谷市石原1028-8,,,,,,,,,,http://kumagaya-nanairo.com/,sk.nanairo@outlook.jp,,,,,,2,月水金,,17:00,19:00,,,0,0,0,0,,大人は親子の利用に限る（200円）,,,,1,,,埼玉県子ども食堂ネットワーク;埼玉県フードパントリーネットワーク,,,,
27,11,埼玉県,熊谷市,熊谷星川みんなの家　こども食堂,,,,熊谷市筑波町2-36,,36.1421973,139.3886907,090-2631-9460,,,,,,,,,,,,,5,月,,,,毎月第4月曜日の昼,,0,0,0,0,300,,,,,,,,,,,,
28,11,埼玉県,熊谷市,多世代ふれあい食堂HAPPYくまここ,,,,熊谷市上之3851-1　熊谷生協病院付属介護複合施設くまここ,,36.150466,139.414483,,,,,,,,y-sota@mcp-saitama.or.jp,,h-kishimoto@mcp-saitama.or.jp,,,,5,土,,12:00,13:00,第2土曜日（コロナ状況によって中止または食材提供、弁当に変更。時間変更もあり）,,100,100,100,100,200,,,,,1,,,埼玉県子ども食堂ネットワーク,,,,
29,11,埼玉県,川口市,こども食堂 とづか,,,,川口市戸塚,,,,,,,,,,,soeta_hirotomo@yahoo.co.jp,,,,,,4,水,,,,毎月3回・水曜日の夜,,100,100,100,100,300,,,,,,,,こどもの居場所づくりinかわぐち,,,,
30,11,埼玉県,川口市,たいむ☆こども食堂,,,,川口市柳崎5丁目12-25,,35.8604772,139.7052794,048-487-9630,,,,,,,com-time@roukyou.gr.jp,,,,,,5,土,,15:00,17:00,第1土曜日,,100,100,100,100,300,,,,,,,,埼玉県子ども食堂ネットワーク,,,,
31,11,埼玉県,川口市,わいわい食堂,,,,川口市桜町4丁目コンフォール東鳩ヶ谷集会所,,35.8400933,139.7450848,,,,,,,,akemi3990@gmail.com,,,,,,5,土,,,,月1回　第2or第3土曜日,,0,0,0,0,300,,,,,,,,,,,,
32,11,埼玉県,川口市,幸町陽気こども食堂,,,学習支援,川口市幸町2-1-13,,35.8055671,139.7186437,,,,,,,https://ameblo.jp/youkishokudo1,youkishokudo@gmail.com,,,,,,4,,,,,月2回　開催日はHP等にてお知らせします,,0,0,0,0,300,,,,,1,,,埼玉県子ども食堂ネットワーク;埼玉フードパントリーネットワーク,,,,
33,11,埼玉県,川口市,ホープキッチン,,,,川口市上青木6-7-17,,35.8357572,139.7179653,,,,,,,http://kawaguchichuo-efc.la.coocan.jp/,hope4kodomo@gmail.com,,,,,,5,土,,,,毎月第2土曜日,,,,,,,,,,,,,,,,,,
34,11,埼玉県,川口市,川口こども食堂,,,学習支援,川口市上青木6-7-17,,35.8357572,139.7179653,,,,,,,,k.kshokudo@gmail.com,,,,,,8,,,,,不定期,,100,100,100,100,300,,,,,,,,こどもの居場所づくりinかわぐち,,,,
35,11,埼玉県,川口市,川口夕暮れ子ども食堂,,,,川口市芝3756-3,,35.8367215,139.6865043,048-486-9225,,,,,,,info@25farm.com,,,,,,3,土,,,,毎週土曜日（第3土曜日除く）,,0,0,0,0,0,,,,,,,,埼玉県子ども食堂ネットワーク,,,,
36,11,埼玉県,川口市,歓喜院こども食堂,,,,川口市新堀247,,35.8286274,139.7734548,090-1737-6320,,,,,,,kanki.in247@gmail.com,,,,,,,,,,,　,,,,,,,,,,,,,,,,,,
37,11,埼玉県,行田市,ぺんぎん子ども食堂,,,,行田市須加・南河原周辺,,,,080-9661-0638,,,,,,,,,,,,,8,,,,,不定期,,0,0,0,0,300,,,,,,,,,,,,
38,11,埼玉県,行田市,わわわ食堂,,,学習支援,行田市,,,,090-7814-9615,,,,,,https://wawawakobo.com,wawawa.info@gmail.com,,,,,,8,,,,,不定期,,0,0,0,0,300,,,,,1,,,埼玉県子ども食堂ネットワーク;埼玉フードパントリーネットワーク,,,,
39,11,埼玉県,行田市,柿の木子ども食堂,,,,行田市下須戸65-1,,36.1391784,139.5096669,048-559-5561,,,,,,https://famille-gyoda.com/,mizuho@famille-gyoda.jp,,,,,,5,日,,,,月1回第3日曜日,,0,0,0,0,300,,,,,,,,,,,,
40,11,埼玉県,行田市,もちだひまわり食堂,,,,行田市持田2357-1,,36.1362256,139.4283992,,,,,,,,rcpgj577@yahoo.co.jp,,,,,,,,,,,,,0,0,0,0,0,,,,,1,,,埼玉県子ども食堂ネットワーク,,,,
41,11,埼玉県,秩父市,はらいっぱい食堂（ゆいっこ）,,,,秩父市下吉田3809,,36.0427146,139.0342725,0494-26-6827,,,,,,http://www.hananomori.org/,hananomorikodomoen@gmail.com,,,,,,4,金,,17:00,19:00,月3回　金曜日,,0,0,0,0,,大人は500円+ドネーション,,,,,,,埼玉県子ども食堂ネットワーク,,,,
42,11,埼玉県,秩父市,秩父こども食堂,,,,秩父市大宮4625,,35.9974393,139.089409,0494-22-8055,,,,,,http://www.nigurumaya.co.jp,info@nigurumaya.co.jp,,,,,,5,日,,16:30,17:30,毎月第3日曜日,,0,0,0,0,0,,,,,,,,埼玉県子ども食堂ネットワーク,,,,
43,11,埼玉県,秩父市,多世代ふれあい食堂,,,,秩父市阿保町7-13,,36.0155717,139.0866657,0494-22-7267,,,,,,,,,,,,,8,,,,,不定期,,100,100,100,100,200,,,,,,,,,,,,
44,11,埼玉県,所沢市,多世代参加型子ども食堂「さんとめキララ」,,,,所沢市中富1622,,35.8150616,139.4834444,070-2154-7354,,,,,,,y-yamauchi@mcp-saitama.or.jp,,,,,,5,土,,12:00,13:00,毎月第二土曜日,,100,100,100,300,300,,,,,,,,埼玉県子ども食堂ネットワーク,,,,
45,11,埼玉県,所沢市,多世代参加型子ども食堂　桂の食卓～桂ん家,,,学習支援,所沢市宮本町2-23-34,,35.7958169,139.4607673,,,,,,,,toko-soshiki@mcp-saitama.or.jp,,,,,,5,金,,17:00,19:00,毎月第3金曜日　夏休み機関などは限定で週1開催、他イベント不定期開催あり,,0,100,100,100,300,テイクアウトは一律100円,,,,,1,,埼玉県子ども食堂ネットワーク,,,,
46,11,埼玉県,所沢市,子ども食堂増田さん家,,,,所沢市宮本町1-9-7,,35.7934654,139.4614271,,,,,,,,,,,,,,4,木,,,,第2・4木,,0,0,0,0,300,,,,,,,,,,,,
47,11,埼玉県,所沢市,北秋津こども食堂,,,,所沢市北秋津366,,35.7802555,139.477765,,,,,,,,satsuki_saito@jcom.home.ne.jp,,,,,,4,水,,,,毎月第2、第4水曜日,,100,100,100,100,300,コロナ禍中は無料,,,,,,,,,,,
48,11,埼玉県,所沢市,空ちゃん和ケ原,,,,所沢市和ケ原3-286-12三ケ島13区集会所,,35.8061189,139.4042906,,,,,,,,,,,,,,4,木,,16:00,19:00,毎月第1・3木曜日,,100,100,100,100,300,,,,,,,,,,,,
49,11,埼玉県,所沢市,ひだまり2丁目3番地,,,,所沢市,,,,,,,,,,,,,,,,,4,金,,17:10,20:00,第1、第2　金曜日,,,,,,,,,,,,,,,,,,
50,11,埼玉県,飯能市,HNNOアフタースクール,,,学習支援,飯能市美杉台,,,,,,,,,,https://hannoafterschool.tumblr.com/,hannoafterschool@gmail.com,,,,,,1,月火水木金,,14:40,18:30,毎月第2土曜日（9：00～12：30）開催あり,,,,,,,回数によって細かく値段設定があります。（週1は3500、週2は3900、週4は4500等）,,,,,,,,,,,
51,11,埼玉県,加須市,一般社団法人すくすく広場のあそびひろばとすくすくの小中高生勉強会,,,学習支援,加須市,,,,090-2411-8598,,,,,,http://k-sukusuku-hiroba.org/,tozune@outlook.jp,,,,,,3,木日,,17:00,19:30,毎月1回日曜日と毎週木曜日,,100,100,100,100,300,1家族500円まで,,,,1,,,埼玉県子ども食堂ネットワーク,,,,
52,11,埼玉県,本庄市,どんぐりこども食堂,,,,本庄市四季の里1-19-9,,36.2250589,139.1963816,,,,,,,,akikotanabe1215@yahoo.co.jp,,,,,,5,,,11:00,15:00,毎月1回・土or日,,0,0,0,0,300,,,,,,,,,,,,
53,11,埼玉県,東松山市,子ども食堂チ・アモ,,,,東松山市石橋1747-16,,36.0387983,139.3760743,,,,,,,https://kodomoshokudou-ciamo.jimdosite.com/,,,,,,,3,金,,,,毎週金曜日,,300,300,300,300,500,,,,,,,,埼玉県子ども食堂ネットワーク,,,,
54,11,埼玉県,東松山市,NPO法人比企聖学塾,,,学習支援,東松山市松本町1-10-10,,36.0400752,139.4106469,090-2646-9138,,,,,,,nt2co1209_imstrongbeingweak@yahoo.co.jp,,zenyu-2co12.09-yoshi@ezweb.ne.jp,,,,3,日,,,,月木：学習塾・火：訪問塾・土：食品材等提供・日：学習塾・子ども食堂,,0,0,0,0,0,,,,,,,,,,,,
55,11,埼玉県,東松山市,夕やけひろば,,,,東松山市松風台8-2（高坂丘陵市民活動センター）,,35.9944312,139.3826297,,,,,,,,kako._.tnk@ezweb.ne.jp,,,,,,8,,,,,不定期,,0,0,0,0,0,,,,,,,,埼玉県子ども食堂ネットワーク,,,,
56,11,埼玉県,東松山市,若松町ふれあい広場,,,,東松山市若松町2-14-7,,36.026617,139.4101179,,,,,,,,,,,,,,,,,,,,,0,0,0,0,,大人は有料,,,,,,,,,,,
57,11,埼玉県,春日部市,かすかべ子ども食堂ひなた,,,学習支援,春日部市大場1397-2,,35.949303,139.765129,,,,,,,http://www.happy-circle-cycle.org/,,,,,,,5,日,,,,配布会毎月最終日曜日11時～12時,,0,0,0,0,0,,,,,1,,,日本こども食堂ネットワーク,,,,
58,11,埼玉県,春日部市,グーかす子どもキッチン,,,,春日部市粕壁3-8-1　春日部第2児童センター,,35.983488,139.7511997,,,,,,,,,,,,,,,,,,,,,,,,,,,,,,,,,,,,,
59,11,埼玉県,狭山市,みんなの食堂さといも,,,,狭山市富士見1-11-15　生活クラブ館つなぐ,,35.8531678,139.4160937,,,,,,,,,,,,,,5,日,,,,毎月第3日曜日　昼,,0,0,0,0,100,,,,,,,,埼玉県子ども食堂ネットワーク,,,,
60,11,埼玉県,狭山市,シャローム食堂,,,,狭山市狭山台4-19-14,,35.8487451,139.4331972,,,,,,,,piano.kityumiko@gmail.com,,,,,,5,金,,17:00,18:00,毎月第2金曜日,,0,0,0,0,300,,,,,,,,,,,,
61,11,埼玉県,狭山市,狭山ひまわりの里,,,,狭山市北入曽686-3,,35.847181,139.433475,080-4729-6234,,,,,,,himawari.club.info@gmail.com,,,,,,3,日,,14:00,20:30,毎週日曜日,,0,0,0,0,100,,,,,,,,,,,,
62,11,埼玉県,狭山市,ＷＡＫＵ☆ＤＯＫＩはっぴー（水富公民館）,,,学習支援;プレーパーク,狭山市根岸2-17-13,,35.857771,139.382265,070-1410-8989,,,,,,https://www.area-e-network.com/,area-e.network@p1.s-cat.ne.jp,,,,,,5,土,,10:00,13:00,毎月第二土曜日,,100,100,100,100,,,,,,1,,,埼玉県子ども食堂ネットワーク;さやま子ども食堂ネットワーク,,,,
63,11,埼玉県,狭山市,オリーブ食堂,,,,狭山市入間川2-16-22　セブンスデー・アドベンチスト入間川キリスト教会,,35.863549,139.414384,,,,,,,,ykomaki913@hotmail.com,,,,,,5,日,,17:00,19:00,毎月第3日曜日,,0,0,0,0,0,,,,,,,,埼玉県子ども食堂ネットワーク,,,,
64,11,埼玉県,狭山市,にこにこ食堂,,,学習支援,狭山市南入曽428-3　入曽地域交流センター,,35.832591,139.431693,04-2959-3004,,,,,,,iriso-kom@city.sayama.saitama.jp,,,,,,5,土,,10:00,12:00,毎月第三土曜日,,0,0,0,0,250,,,,,,,,,,,,
65,11,埼玉県,羽生市,みんなの食堂,,,学習支援,羽生市桑崎1331-2,,36.1742467,139.5221731,090-3348-2149,,,,,,http://www.hanyunomori.org/.,tamura.nobuyuki@cameo.plala.or.jp,,,,,,4,土日,,11:00,14:00,毎月第2土曜日、第4日曜日,,100,100,100,100,300,1家族500円まで,,,,1,,,埼玉県子ども食堂ネットワーク;埼玉フードパントリーネットワーク,,,,
66,11,埼玉県,鴻巣市,わいわい交流会,,,,鴻巣市吹上富士見3-1-7,,36.0968471,139.4570268,048-598-7614,,,,,,,kosaten2011@gmail.com,,,,,,5,土,,11:00,13:00,毎月第3土曜日,,100,100,100,100,300,,,,,,,,埼玉県子ども食堂ネットワーク,,,,
67,11,埼玉県,鴻巣市,こども食堂BANGBOO,,,,鴻巣市箕田7番地1,,36.0858697,139.4725619,080-9874-7116,,,,,,,bangboo.npo@gmail.com,,,,,,5,,,17:30,20:00,月1回,,0,0,0,0,300,,,,,,,,埼玉県子ども食堂ネットワーク,,,,
68,11,埼玉県,鴻巣市,まちのごはんやさん,,,,鴻巣市中央23-10,,36.0628745,139.5239826,,,,,,,http://www.nikoniko-mamas.com/,nikomama2015@gmail.com,,,,,,5,金,,,,第3金曜日,,300,300,300,300,500,,,,,1,,,埼玉県子ども食堂ネットワーク,,,,
69,11,埼玉県,深谷市,ふかや子ども食堂まめっこ,,,,深谷市仲町20-2,,36.2006483,139.2843014,,,,,,,https://yellowhearts.net/,hello@yellowhearts.net,,,,,,,,,,,子ども食堂とフードパントリー毎に規定有り,,100,100,100,100,100,,,,,1,,,埼玉県子ども食堂ネットワーク;埼玉フードパントリーネットワーク,,,,
70,11,埼玉県,上尾市,ホットほっとタイム子ども食堂,,,,上尾市富士見2丁目15　こぱんあらぐさ,,35.96817,139.583238,,,,,,,,hot2time.in.ageo@gmail.com,,,,,,4,金,,17:45,,毎月第2・4金曜日,,0,0,0,0,300,,,,,,,,埼玉県子ども食堂ネットワーク,,,,
71,11,埼玉県,上尾市,みんめし,,,,上尾市上町1丁目6-6,,35.9763481,139.5899429,048-771-0648,,,,,,,info@ageo-nuguifudoson.or.jp,,,,,,4,日,,8:00,9:00,毎月第2.4日曜,,0,0,0,0,0,,,,,,,,埼玉県子ども食堂ネットワーク,,,,
72,11,埼玉県,草加市,草加松原子ども食堂,,,,草加市栄町2-7-34,,35.8421707,139.8043958,,,,,,,,joyfulfamily0901@gmail.com,,,,,,4,木土,,,,毎月第2土曜日　12:00～14:00　第4木曜日　17:00～19:00,,100,100,100,100,200,,,,,,,,,,,,
73,11,埼玉県,越谷市,せんげん台こども食堂,,,,越谷市千間台西1-9-9,,35.935387,139.770573,,,,,,,https://ameblo.jp/sengendaikodomosyokdou/,sengendaikodomosyokudou@gmail.com,,,,,,5,月,,,,毎月第3月曜,,0,0,0,0,300,,,,,1,,,埼玉県子ども食堂ネットワーク;埼玉フードパントリーネットワーク,,,,
74,11,埼玉県,越谷市,越谷こども食堂,,,学習支援,越谷市越ヶ谷2丁目9-6,,35.891023,139.7893128,048-964-8000,,,,,,http://kodomo-shien.org/,koshigaya.kodomo.shien@gmail.com,,,,,,1,月火水木金,,,,月～金（祝祭日を除く）の週5日,,0,0,0,0,,大人は1円～300円の寄付制,,,,,,,埼玉県子ども食堂ネットワーク,,,,
75,11,埼玉県,越谷市,多世代交流施設まくりの家,,,学習支援,越谷市,,,,048-964-8000,,,,,,http://kodomo-shien.org/,koshigaya.kodomo.shien@gmail.com,,,,,,2,月水金,,,,月水金（祝祭日を除く）週3日,,0,0,0,0,,大人は1円～300円の寄付制,,,,,,,埼玉県子ども食堂ネットワーク,,,,
76,11,埼玉県,越谷市,なんこしポケット,,,学習支援,越谷市南越谷4-21-1 南越谷地区センター,,35.87422274,139.7866915,048-964-8000,,,,,,http://kodomo-shien.org/,koshigaya.kodomo.shien@gmail.com,,,,,,,,,,,　,,0,0,0,0,,大人は1円～300円の寄付制,,,,,,,埼玉県子ども食堂ネットワーク,,,,
77,11,埼玉県,蕨市,みんなの食堂「ぽっかぽか」＠錦町,,,,蕨市錦町2-14-8,,35.823487,139.6727745,090-9230-8919,,,,,,http://www4.hp-ez.com/hp/pokkapoka,pokkapoka.warabi@gmail.com,,,,,,4,木,,17:00,20:00,第2・第4木曜,,0,0,0,0,300,,,,,1,,,埼玉県子ども食堂ネットワーク,,,,
78,11,埼玉県,蕨市,子ども食堂「ぽっかぽか」＠クアッカ,,,,蕨市中央3-13,,35.827292,139.68675,090-9230-8919,,,,,,http://www4.hp-ez.com/hp/pokkapoka,pokkapoka.warabi@gmail.com,,,,,,5,水,,,,第5水曜日がある日,,0,0,0,0,300,,,,,1,,,埼玉県子ども食堂ネットワーク,,,,
79,11,埼玉県,入間市,東町にこにこ広場,,,学習支援,入間市東町3-1-35東町公民館内,,35.831064,139.399646,090-2554-3490,,,,,,,yamaoka.nobuyuki@ebony.plala.or.jp,,,,,,8,,,,,不定期、年6回程度,,100,100,100,100,300,,,,,,,,こども食堂ネットワークいるま,,,,
80,11,埼玉県,入間市,あいくる・みんなの広場,,,,入間市豊岡1-8-39　サイオスパークビル1F,,35.8369621,139.3869782,04-2966-2848,,,,,,http://aikuru-iruma.com,aikuru@m.ictv.ne.jp,,,,,,5,火,,17:30,19:00,毎月第1火曜日,,0,0,0,0,200,,,,,,,,こども食堂ネットワークいるま,,,,
81,11,埼玉県,入間市,むささび食堂,,,,入間市小谷田1681-1,,35.8332949,139.3663702,04-2962-1005,,,,,,http://www.city.iruma.saitama.jp/shisetsu/shisetsu_kyoiku/shisetsu_kyoiku10.html,,,,,,,,,,,,,,0,0,0,0,100,,,,,,,,こども食堂ネットワークいるま,,,,
82,11,埼玉県,入間市,久保稲荷なかよし広場,,,学習支援;プレーパーク,入間市久保稲荷3丁目9-3,,35.823042,139.390925,,,,,,,,7ki-suzu@m.ictv.ne.jp,,,,,,7,,,,,春休み　夏休み　10月　12月,,100,100,100,100,100,,,,,,,,埼玉県子ども食堂ネットワーク;こども食堂ネットワークいるま,,,,
83,11,埼玉県,入間市,ふじさわキッチン（藤沢公民館）,,,,入間市下藤沢846-1（藤沢公民館）,,35.8176911,139.4033369,,,,,,,,at.sunny.leaf@gmail.com,,,,,,5,日,,11:00,15:00,毎月第4日曜日,,0,0,0,0,300,,,,,,,,,,,,
84,11,埼玉県,朝霞市,わ・和・輪の会　子ども食堂,,,,朝霞市本町2-18-1 武蔵野サンハイツ1F,,35.7992665,139.5962704,048-487-7618,,,,,,,morozumi.sayoko@sepia.plala.or.jp,,,,,,1,月火水木金,,11:00,20:00,,,0,0,0,0,,大人は昼200円、夜300円,,,,1,,,埼玉県子ども食堂ネットワーク;埼玉フードパントリーネットワーク,,,,
85,11,埼玉県,朝霞市,おへそ食堂,,,,朝霞市浜崎669-1,,35.8133058,139.5903984,,,,,,,http://tomosodachi-cafe-cozy.studio-site/community,cozy.kouza@gmail.com,,,,,,1,月火水木金,,12:00,14:00,土曜日にフードパントリー,,0,0,0,0,300,,,,,1,,,埼玉県子ども食堂ネットワーク;あさか食DOネット,,,,
86,11,埼玉県,志木市,志木のまいにちこども食堂,,,,志木市中宗岡4-18-31,,35.8363741,139.5926669,090-3439-7403,,,,,,https://ameblo.jp/shikinomainichi/,shikimai.shokudo00@gmail.com,,,,,,1,月火水木金土,,,,月〜金17:00〜19:00、土12:00〜13:00,,,,,,,開催日により変動（0円～300円）,,,,,,,埼玉県子ども食堂ネットワーク,,,,
87,11,埼玉県,和光市,まんがんじ子ども食堂,,,,和光市新倉3-8-25満願寺,,35.7949428,139.6262822,048-461-2739,,,,,,,wakoshimanganji@gmail.com,,,,,,,,,,,現在休止中,,0,0,0,0,300,,,,,,,,埼玉県子ども食堂ネットワーク,,,,
88,11,埼玉県,新座市,まぜこぜ食堂（まぜこぜたい）,,,,新座市栄4-6-8,,35.7755103,139.5853609,,,,,,,https://www.facebook.com/mazekoze2030/,mazekoze2030@gmail.com,,,,,,5,木,,,,毎月第4木曜日　ミニパントリーは不定期,,100,100,100,100,100,,,,,1,,,埼玉県子ども食堂ネットワーク;あさか地区こども食DOネット,,,,
89,11,埼玉県,久喜市,みんなのいえ,,,学習支援,久喜市上内886,,36.0887011,139.6595181,,,,,,,https://minna-no-ie.com/,minnanoie0731@gmail.com,,,,,,5,日,,11:30,13:00,毎月第4日曜日,,0,0,0,0,0,,,,,1,,,埼玉県子ども食堂ネットワーク,,,,
90,11,埼玉県,北本市,きたもとこども食堂,,,学習支援,北本市中央4丁目67　北本生活館1F,,36.033179,139.530745,080-3914-4146,,,,,,http://tetotekitamoto.web.fc2.com/,tetote_kitamoto@yahoo.co.jp,,,,,,,,,,,,,100,100,100,100,100,パントリーは0円,,,,1,,,埼玉県子ども食堂ネットワーク;全国子ども食堂支援センターむすびえ;きたもとBASE,,,,
91,11,埼玉県,八潮市,杜の家だれでも食堂,,,,八潮市鶴ケ曽根561-1,,35.8300902,139.8367322,048-999-7667,,,,,,,yashio@gakudan.org,,,,,,,,,,,,,0,0,0,0,0,,,,,,,,,,,,
92,11,埼玉県,富士見市,「ポトフのお弁当(いっしょにたべよ)」・「おうちでたべよ」,,,,富士見市水子1255-12,,35.841247,139.558815,080-7159-3908,,,,,,https://kosodatepotofu.wixsite.com/potofu,kosodatepotofu2@yahoo.ne.jp,,,,,,3,木土,,,,毎月第2・第4土曜日昼、毎週の木曜日夜,,,,,,,,,,,1,,,埼玉県子ども食堂ネットワーク;埼玉フードパントリーネットワーク,,,,
93,11,埼玉県,富士見市,富士見みんなでプロジェクト,,,,富士見市鶴馬1932-7（市民福祉活動センター　ぱれっと）,,35.8544489,139.5514286,,,,,,,,x7023x@gmail.com,,,,,,8,,,,,不定期,,100,100,100,100,300,,,,,,,,埼玉県子ども食堂ネットワーク,,,,
94,11,埼玉県,富士見市,カモンミール,,,,富士見市東大久保355-3,,35.8732375,139.551769,048-293-1869,,,,,,http://www.sorairo3553.com/,info.sorairo111@gmail.com,,,,,,5,木,,,,毎月第3木曜,,300,300,300,300,500,,,,,,,,富士見子ども・若者の居場所応援ネットワーク,,,,
95,11,埼玉県,富士見市,なんばたキッチン,,,,富士見市下南畑306-1　南畑公民館,,35.8605602,139.5587807,,,,,,,,kurenai@ozzio.jp,,,,,,,,,,,,,100,100,100,100,300,,,,,,,,富士見子ども・若者の居場所応援ネットワーク,,,,
96,11,埼玉県,富士見市,子ども食堂ともだちキッチン,,,,富士見市,,,,,,,,,,,npomusubi49@gmail.com,,,,,,,,,,,　,,,,,,,有料,,,,,,,埼玉県子ども食堂ネットワーク,,,,
97,11,埼玉県,三郷市,ふれあい子ども食堂,,,,三郷市早稲田3-26-19,,35.853631,139.888721,,,,,,,,,,,,,,3,日,,11:00,13:00,毎週日曜日,,,,,,,,,,,,,,,,,,
98,11,埼玉県,三郷市,おあしす子ども食堂,,,学習支援;プレーパーク,三郷市鷹野4-269,,35.799228,139.882157,048-956-0065,,,,,,,kunio-takahashi@totokyogikai.jp,,kiyoko.t1949@gmail.com,（担当者田中希代子）,,,5,土,,11:00,12:00,毎月第4土曜日　（弁当のみ配布のため短時間営業）,,0,0,0,0,300,,,,,,,,埼玉県子ども食堂ネットワーク,,,,
99,11,埼玉県,三郷市,MiKOねっと☆みんなで作って、食べよう！,,,,三郷市彦成4-4-17（みさと団地南集会所）,,35.85539682,139.8642904,,,,,,,,miko_net0907@yahoo.co.jp,,,,,,,,,,,,,,,,,,,,,,,,,,,,,
100,11,埼玉県,三郷市,クローバー子どもカフェ,,,,三郷市彦成4-4-17-103,,35.8552804,139.8641759,,,,,,,,misato-clover@crux.ocn.ne.jp,,,,,,5,,,11:30,13:00,月1回,,100,100,100,100,300,大人は親子で300円,,,,,,,,,,,
101,11,埼玉県,三郷市,ほっとママ（親子サロン）,,,,三郷市泉2-35（ピアラシティ交流センター）,,35.8436269,139.8590252,090-4715-3615,,,,,,,teruteru_akko@yahoo.co.jp,,,,,,2,火水木,,10:00,12:00,,,0,0,0,0,0,,,,,,,,,,,,
102,11,埼玉県,三郷市,みさときっず食堂,,,,三郷市三郷,,,,,,,,,,,,,,,,,3,土,,11:30,14:00,原則、子ども食堂　土曜配食　他にプレーパークなど企画,,0,0,0,0,,大人は0円～300円,,,,1,,,埼玉県子ども食堂ネットワーク;埼玉フードパントリーネットワーク,,,,
103,11,埼玉県,坂戸市,子ども食堂ひこうき雲,,,,"坂戸市千代田1-24-1









（筑波大学附属坂戸高校内　交流棟）",,35.9534282,139.4062358,,,,,,,,kumakura.yuki.fu@un.tsukuba.ac.jp,,,,,,,,,,,定期,,100,100,100,100,300,,,,,,,,,,,,
104,11,埼玉県,幸手市,あやめ笑顔食堂,,,,幸手市平野920,,36.06448,139.753189,070-7797-6731,,,,,,,soudan.hirano@gmail.com,,,,,,5,土,,,,毎月最終土曜日,,50,50,50,50,100,,,,,,,,埼玉県子ども食堂ネットワーク,,,,
105,11,埼玉県,鶴ヶ島市,子ども食堂じゃがいも（鶴ヶ島市西市民センター）,,,,鶴ヶ島市新町4-17-8,,35.9329588,139.3689182,,,,,,,http://npo-calore.jp,npo.calore@white.plala.or.jp,,,,,,4,金,,,,毎月第1・3金曜日　※コロナ禍のため現在は休止中,,0,0,0,0,300,,,,,,,,埼玉県子ども食堂ネットワーク,,,,
106,11,埼玉県,日高市,ぬくもりげんき食堂,,,,日高市下鹿山527（たかねサロン）,,35.8877359,139.3473109,048-048-1172,,,,,,,kirakirahidetoshi@gmail.com,,,,,,7,,,,,春と秋に開催,,500,500,500,500,0,,,,,,,,,,,,
107,11,埼玉県,日高市,地域食堂ちゃぶ台　（高麗公民館）,,,,日高市栗坪92-2高麗公民館,,35.886482,139.316221,042-989-2381,,,,,,,,,,,,,5,水,,17:00,19:00,毎月1回第3水曜日,,100,100,100,100,300,,,,,,,,埼玉県子ども食堂ネットワーク,,,,
108,11,埼玉県,吉川市,みんなの食堂ころあい,,,,吉川市吉川団地一街区7号棟107,,35.891888,139.846589,048-984-2332,,,,,,,yoshikawa@gakudan.org,,,,,,4,月水,,16:30,18:00,毎週月・水曜日,,0,0,0,0,0,,,,,,,,埼玉県子ども食堂ネットワーク,,,,
109,11,埼玉県,吉川市,よつば食堂,,,,吉川市木売588-2（デイサービス「花びより」）,,35.8787608,139.8521174,090-1061-8188,,,,,,http://yoshikana-jc.j.imdofree.com,mamoru@objective-inc.com,,,,,,5,日,,,,毎月第3日曜日,,0,0,0,0,0,,,,,,,,埼玉県子ども食堂ネットワーク,,,,
110,11,埼玉県,吉川市,みんな食堂たんぽぽ,,,,吉川市中央3-27-13,,35.892444,139.8568663,090-9844-3662,,,,,,,cdsh1830@yahoo.co.jp,,,,,,3,土,,17:00,19:00,毎週土曜日,,0,0,0,0,0,,,,,,,,埼玉県子ども食堂ネットワーク;よしかわ地域食堂ネットワーク,,,,
111,11,埼玉県,ふじみ野市,多世代コミュニティキッチン「おーいココロンくらぶ」,,,,ふじみ野市ふじみ野1-1-15　大井協同診療所内,,35.85996,139.513176,049-267-1101,,,,,,http://ohikyodou.mco-saitamawest.jp/,m-ito@mcp-saitama.or.jp,,,,,,5,火,,16:00,17:00,毎月第3火曜日,,,,,,,現在フードパントリーのみのため0円,,,,1,,,埼玉県子ども食堂ネットワーク,,,,
112,11,埼玉県,ふじみ野市,わくわく食堂,,,,ふじみ野市上福岡1-13-7パールビル2Ｆ,,35.875616,139.51479,,,,,,,https://npo96.webnode.jp/,waku2mirai.oendan@gmail.com,,,,,,,,,,,定期,,0,0,0,0,300,,,,,,,,,,,,
113,11,埼玉県,ふじみ野市,ルミエール・ビバン,,,,ふじみ野市駒林元町1-6-12,,35.8666833,139.5266591,"090-8501-7797
",（山田）,090-5326-7059,（中野）,,,,meisya_npo@yahoo.co.jp,,,,,,5,,,10:00,15:30,月1回,,0,0,0,0,500,,,,,,,,,,,,
114,11,埼玉県,三芳町,三芳おなかま食堂,,,,三芳町藤久保817,,35.8376267,139.5275621,,,,,,,https://peraichi.com/landing_pages/view/344onakama,ladybird87@ozzio.jp,,,,,,,,,17:30,18:45,,,0,0,0,0,300,,,,,,,,埼玉県子ども食堂ネットワーク,,,,
115,11,埼玉県,三芳町,多世代食堂こころ三芳,,,,三芳町北永井946-1,,35.8440369,139.5134046,,,,,,,http://houraikai.or.jp,kokoromiyoshi@houraikai.or.jp,,,,,,4,火,,17:30,19:00,隔週火曜日　現在はコロナ対策で実施していません,,0,0,0,0,300,,,,,,,,,,,,
116,11,埼玉県,毛呂山町,茶みせ,,,,毛呂山町中央4-16-3,,35.9402073,139.3254777,049-298-7811,,,,,,,propatinker@yahoo.co.jp,,,,,,5,土,,,,子ども食堂は毎月第3土曜日、高齢者居場所づくりは毎日,,0,0,0,0,300,,,,,,,,,,,,
117,11,埼玉県,毛呂山町,毛呂山こども食堂ガーデン（子ども食堂）,,,学習支援,毛呂山町中央1-3-4,,35.9423297,139.3165704,,,,,,,http://kodomo-garden.jpn.org/,washiogarden910@gmail.com,,,,,,5,土,,17:00,19:00,毎月第2土曜日,,0,0,0,0,300,,,,,,,,,,,,
118,11,埼玉県,滑川町,森もりのハウス,,,学習支援;プレーパーク,滑川町みなみ野3-10-17,,36.04342912,139.3758135,049-355-1451,,,,,,https://team-morimori.localinfo.jp/,namegawa.morimori@gmail.com,,,,,,5,日,,11:30,13:00,"子ども食堂：毎月第4日曜日　11:30～13:00
学習支援・プレイパーク：毎月第2・第4日曜日　9:30～11:30",,0,0,0,0,300,,,,,,,,埼玉県子ども食堂ネットワーク,,,,
119,11,埼玉県,嵐山町,駅前嵐山こども食堂,,,,嵐山町菅谷135-1,,36.0437181,139.328381,,,,,,,,ekimae.ranzan.shokudou@taiyo-ge.co.jp,,,,,,,,,,,定期,,0,100,100,100,300,,,,,,,,,,,,
120,11,埼玉県,川島町,みんなの食堂,,,,川島町中山1371-1,,35.989349,139.446144,,,,,,,,mu_510@yahoo.co.jp,,,,,,5,金,,15:00,21:00,毎月第2金曜日15～21時　※コロナ禍の現在、不定期フードパントリーを行っています。,,0,0,0,0,300,,,,,,,,埼玉県子ども食堂ネットワーク,,,,
121,11,埼玉県,鳩山町,こども＆おとなのひろば,,,,鳩山町松ヶ丘1-2-4,,35.9878844,139.354488,,,,,,,,matsumoto-nobuko@nifty.com,,,,,,,,,,,,,0,0,0,0,200,,,,,,,,,,,,
122,11,埼玉県,宮代町,ゆうやけひろば,,,,宮代町笠原1-1-1コミュニティセンター進修館,,36.0228029,139.723492,0480-32-8199,,,,,,https://syakyou.org/yuyake,kondou@syakyou.org,,,,,,4,木土,,17:00,19:30,毎月第2土曜日・第4木曜日,,100,100,100,100,200,,,,,,,,埼玉県子ども食堂ネットワーク,,,,
123,11,埼玉県,杉戸町,たまり場チエリー,,,,杉戸町,,,,0480-34-9455,,,,,,,bin-chan@h8.dion.ne.jp,,,,,,5,日,,,,毎月第1日曜日,,0,0,0,0,0,,,,,,,,埼玉県子ども食堂ネットワーク,,,,
124,11,埼玉県,日高市,地域食堂ちゃぶ台（高萩子ども食堂）,,,,日高市高萩605-13ハングアウトかふぇ,,35.900813,139.371562,070-4378-0833,,,,,,,you-me-homgout5656@docomo.ne.jp,,,,,,5,金,,17:00,19:00,毎月第1金曜日,,100,100,100,100,300,,,,,,,,埼玉県子ども食堂ネットワーク,,,,
125,11,埼玉県,日高市,地域食堂ちゃぶ台（高麗川南公民館）,,,,日高市中鹿山81-1（高麗川南公民館）,,35.8929751,139.343465,042-989-100,,,,,,,,,,,,,,,,,,,,100,100,100,100,300,,,,,,,,埼玉県子ども食堂ネットワーク,,,,
126,11,埼玉県,鶴ヶ島市,子ども食堂じゃがいも（鶴ヶ島市東市民センター）,,,,鶴ヶ島市五味ケ谷202,,35.9455971,139.4213196,,,,,,,http://npo-calore.jp,npo.calore@white.plala.or.jp,,,,,,4,金,,,,毎月　第2・4金曜日　,,0,0,0,0,300,,,,,,,,埼玉県子ども食堂ネットワーク,,,,
127,11,埼玉県,東松山市,長くつ下のピッピ食堂,,,,東松山市上唐子1461-82,,36.03830039,139.3361376,0493-25-1628,,,,,,,,,,,,,3,金土,,,,毎週土曜日12:00~14:00 毎週金曜日16:30~18:30,,200,200,200,200,300,,,,,,,,埼玉県子ども食堂ネットワーク,,,,
128,11,埼玉県,美里町,みさと♡こども食堂みんないっしょ,,,,美里町小茂田,,,,080-6680-0058,,,,,,,himawarinoegao508@gmail.com,,,,,,4,金,,,,毎月第1・第3金曜日,,100,100,100,100,200,,,,,,,,埼玉県子ども食堂ネットワーク,,,,
129,11,埼玉県,さいたま市,みな風こども食堂,,,,さいたま市中央区本町西2-2-24,,35.883504,139.62059,,,,,,,http://gallery-minakaze.sakura.ne.jp/,chizuko.minakaze.0913@gmail.com,,,,,,4,土,,16:00,18:00,毎月第１・第３土曜日,,0,0,0,0,500,,,,,1,,,埼玉県子ども食堂ネットワーク;埼玉フードパントリーネットワーク,,,,
130,11,埼玉県,三郷市,わせだ子ども食堂,,,,三郷市早稲田2-14-4,,35.848958,139.882818,,,,,,,https://kouoji.machitera.net/,wasedakodomoshokudou@gmail.com,,,,,,5,金,,17:00,20:00,毎月第3金曜日,,0,0,0,300,300,,,,,,,,,,,,
131,11,埼玉県,さいたま市,ジョイフルキッチンみんなの食堂,,,,さいたま市大宮区大城町1-275,,35.910489,139.61388,090-2142-7270,,,,,,,h-1215-m@yahoo.co.jp,,,,,,5,,,11:00,12:00,月1回　土曜日か日曜日の昼,,50,50,50,50,300,,,,,1,,,埼玉県子ども食堂ネットワーク,,,,
132,11,埼玉県,さいたま市,さとちゃんカフェ,,,,さいたま市緑区大牧1484-25（木なり設計内）,,35.874833,139.702518,048-829-7820 ,,,,,,https://kinari-s.com/event/satochan/,satosuzu09@mild.ocn.ne.jp,,,,,,5,火,,,,月2回火曜日,,100,100,100,100,300,,,,,,,,埼玉県子ども食堂ネットワーク;さいたま市子ども食堂ネットワーク,,,,
133,11,埼玉県,さいたま市,畑こども食堂,,,,さいたま市北区見沼2丁目94番地市民の森見沼グリーンセンター,,35.933089,139.640606,,,,,,,,hatakekodomo.toro@gmail.com,,,,,,5,土,,,,毎月第3土曜日,,0,0,0,0,500,,,,,,,,埼玉県子ども食堂ネットワーク,,,,
134,11,埼玉県,さいたま市,ケア型子ども食堂　なないろキッチン（見沼区）,,,,さいたま市見沼区,,,,090-6031-8732,,,,,,,,,,,,,5,水,,,,毎月第2水曜日,,0,0,0,0,300,,,,,,,,埼玉県子ども食堂ネットワーク,,,,
135,11,埼玉県,川越市,やすらーじゅ広場,,,,川越市大字渋井216,,35.882536,139.531957,,,,,,,http://watashiito.com/,,,,,,,5,,,,,毎月1回,,200,200,200,200,300,,,,,,,,,,,,
136,11,埼玉県,川越市,かもだ子ども食堂,,,学習支援,川越市,,,,,,,,,,https://art-made-garden.amebaownd.com/,,,,,,,,,,,,,,,,,,,,,,,,,,,,,,
137,11,埼玉県,川越市,みずほふれあい食堂,,,,川越市中台元町1-16-42,,,,,,,,,,,kmanome@mizuhokai.or.jp,,,,,,,,,,,,,0,0,0,0,,大人は100円～300円,,,,,,,,,,,
138,11,埼玉県,川越市,スマイルふれあい食堂,,,,川越市木野目,,,,090-1545-8284,,,,,,,,,,,,,,,,,,,,,,,,,,,,,,,,埼玉県子ども食堂ネットワーク,,,,
139,11,埼玉県,川口市,こども食堂　kitchenおむすび,,,,川口市西川口3-1-2エクセル西川口6号,,35.813963,139.705517,,,,,,,,kurryomusubi@gmail.com,,,,,,,,,,,定期,,0,0,0,0,500,,,,,,,,,,,,
140,11,埼玉県,川口市,みんなの食堂Flat,,,,川口市中青木4-1-20,,35.815936,139.716151,080-6895-4533,,,,,,,minnano.shokudou.Flat@gmail.com,,,,,,5,土,,,,毎月第三土曜日,,50,50,50,50,100,,,,,1,,,,,,,
141,11,埼玉県,川口市,朝日こども食堂,,,,川口市朝日1-7-3 ビジョンチャーチ,,35.809228,139.733424,090-4867-1296,,,,,,,yukiro43@yahoo.co.jp,,,,,,3,水,,17:00,18:30,毎週水曜日(第5週は休み),,0,0,0,0,200,,,,,,,,埼玉県子ども食堂ネットワーク;川口市子ども食堂ネットワーク,,,,
142,11,埼玉県,所沢市,地域内に一人ぼっちを創らない！実行委員会,,,学習支援;プレーパーク,所沢市東所沢和田3丁目25-9 和田3丁目集会室,,35.795367,139.505531,090-8941-3660,,,,,,http://www.wada-3.com,3729txrj@jcom.zaq.ne.jp,,,,,,4,金,,13:00,18:00,コロナ感染症後、不定期となる。基本毎月第2、第4金曜日,,0,0,0,0,0,,,,,,,,,,,,
143,11,埼玉県,飯能市,日替わりシェフレストラン,,,,飯能市仲町5-9,,35.853383,139.31874,,,,,,,,,,,,,,8,,,,,不定期,,0,0,0,0,0,,,,,,,,,,,,
144,11,埼玉県,飯能市,はんのう・みんな食堂,,,,飯能市東町11-11ヴィラ飯能102,,35.853303,139.324378,,,,,,,,hanno.minnna@gmail.com,,,,,,,,,,,,,,,,,,,,,,1,,,埼玉県子ども食堂ネットワーク,,,,
145,11,埼玉県,加須市,北小浜みんなで子ども食堂,,,学習支援,加須市北小浜1168　県営北小浜団地集会所,,36.135432,139.612081,,,,,,,,miyu198210@yahoo.co.jp,,,,,,5,土,,11:00,13:00,毎月第4土曜日,,100,100,100,100,200,,,,,,,,埼玉県子ども食堂ネットワーク,,,,
146,11,埼玉県,春日部市,かすかべひつじ食堂,,,,春日部市中央5丁目7-15 カトリック春日部協会,,35.972402,139.752285,,,,,,,,hitsujishokudou@gmail.com,,,,,,5,土,,12:00,15:00,毎月第2土曜日,,0,0,0,0,0,,,,,,,,,,,,
147,11,埼玉県,春日部市,なごみこども食堂,,,,春日部市米島156-28,,35.976025,139.803986,,,,,,,,,,,,,,5,日,,,,月1回・日曜日,,0,0,0,0,0,,,,,,,,,,,,
148,11,埼玉県,狭山市,ＷＡＫＵ☆ＤＯＫＩはっぴー（広瀬公民館）,,,学習支援;プレーパーク,狭山市広瀬東3-34-1,,35.862363,139.396685,070-1410-8989,,,,,,https://www.area-e-network.com/,area-e.network@p1.s-cat.ne.jp,,,,,,5,土,,10:00,13:00,毎月第四土曜日（広瀬公民館）,,100,100,100,100,,,,,,1,,,埼玉県子ども食堂ネットワーク;さやま子ども食堂ネットワーク,,,,
149,11,埼玉県,鴻巣市,まきの木食堂,,,,鴻巣市,,,,,,,,,,,3satou@gmail.com,,,,,,5,土,,17:00,18:30,毎月第4土曜日,,0,0,0,0,0,,,,,,,,埼玉県子ども食堂ネットワーク,,,,
150,11,埼玉県,鴻巣市,ちゃめっこ食堂,,,,鴻巣市,,,,,,,,,,,yuki-mikusou-niko@ezweb.ne.jp,,,,,,5,金,,,,毎月第2金曜日,,0,0,0,0,0,,,,,,,,埼玉県子ども食堂ネットワーク,,,,
151,11,埼玉県,鴻巣市,こどもレストラン「ゆめ」,,,,"鴻巣市八幡田742-2　




住宅展示場サイエンスホ-ム内",,36.073512,139.497601,,,,,,,,kounos-yumenomi@kxd.biglobe.ne.jp,,,,,,5,土,,11:00,12:30,毎月第1土曜日,,0,0,0,0,200,,,,,,,,,,,,
152,11,埼玉県,深谷市,深谷はなっ子食堂,,,,深谷市小前田2345-1,,36.133026,139.226267,,,,,,,,Yiu39749@docomo.ne.jp,,,,,,4,水,,18:00,19:00,毎月第2・第4水曜日,,100,100,100,100,100,,,,,,,,埼玉県子ども食堂ネットワーク;深谷市子ども食堂協議会,,,,
153,11,埼玉県,深谷市,Tハウスおむすびころりん,,,,深谷市東方4284-1　上柴コミュニティセンター,,36.17769277,139.3164013,048-575-1679,,,,,,,kazumama@kem.biglobe.ne.jp,,,,,,5,土,,,,毎月第3土曜日,,100,100,100,100,200,,,,,,,,埼玉県子ども食堂ネットワーク,,,,
154,11,埼玉県,深谷市,ふかやななの木食堂,,,,深谷市上野台3266　八幡台ふれあいセンター,,36.18451832,139.2687015,,,,,,,,e-atsushi@S8.dion.ne.jp,,,,,,5,金,,17:30,18:30,毎月第3金曜日,,0,100,100,200,200,,,,,,,,埼玉県子ども食堂ネットワーク,,,,
155,11,埼玉県,上尾市,てらこや錦町,,,学習支援,上尾市錦町2-18,,35.987637,139.590338,,,,,,,https://nazunashizen.info/terakoya/,terakoya.nishikicho@gmail.com,,,,,,3,金,,,,毎週金曜日,,100,100,100,100,,,,,,,,,埼玉県子ども食堂ネットワーク,,,,
156,11,埼玉県,上尾市,子ども食堂「でんでん虫」,,,,上尾市,,,,,,,,,,,,,,,,,,,,,,,,0,0,0,0,300,,,,,,,,埼玉県子ども食堂ネットワーク,,,,
157,11,埼玉県,上尾市,こども食堂「とまと」,,,,上尾市,,,,,,,,,,,,,,,,,3,水,,17:00,19:00,毎週1回　水曜日,,100,100,100,100,300,,,,,,,,,,,,
158,11,埼玉県,上尾市,子ども食堂わんぱーく,,,,上尾市井戸木2-11-8,,35.993429,139.563182,,,,,,,,kanasashi.yumeko@icloud.com,,,,,,,,,,,,,0,0,0,0,300,,,,,,,,埼玉県子ども食堂ネットワーク,,,,
159,11,埼玉県,上尾市,コドモ農業大学,,,,上尾市戸崎353-2,,35.944736,139.593961,,,,,,,https://peraichi.com/landing_pages/view/kodomonogyo/,napualani66@gmail.com,,,,,,4,火,,,,月2回　火曜日　その他,,,,,,,子供のみ月4000円,,,,,,,,,,,
160,11,埼玉県,草加市,こども未来食堂マイカ,,,学習支援,草加市瀬崎6-6-22,,35.811498,139.811255,080-9806-9694,,,,,,,micamica2018@icloud.com,,,,,,5,月,,16:00,19:30,毎月第3月曜日,,0,0,0,0,300,,,,,1,,,埼玉県子ども食堂ネットワーク;埼玉フードパントリーネットワーク;こども応援ネットワークPine,,,,
161,11,埼玉県,草加市,草加あおはる食堂,,,,草加市青柳6-45-17,,35.853601,139.822872,,,,,,,,,,,,,,5,土,,16:00,19:00,毎月第4土曜日,,100,100,100,100,300,,,,,,,,埼玉県子ども食堂ネットワーク;こども応援ネットワークPine,,,,
162,11,埼玉県,草加市,子ども食堂結び,,,,草加市住吉2-9-1（草加市立中央公民館）,,35.830514,139.81014,,,,,,,,lily@sjc.ne.jp,,,,,,,,,,,定期,,0,0,0,0,300,,,,,,,,埼玉県子ども食堂ネットワーク,,,,
163,11,埼玉県,越谷市,きなり食堂,,,,越谷市東越谷1-1-33,,35.891425,139.794147,,,,,,,,kinari@mamatette.com,,,,,,5,土,,11:45,14:45,毎月1回土曜日,,200,200,200,200,200,食材配布は0円,,,,,,,むすびえ;埼玉県子ども食堂ネットワーク;こども応援ネットワークPine,,,,
164,11,埼玉県,越谷市,越ヶ谷こどもかふぇ食堂ぽらむの家,,,学習支援,越谷市越ケ谷本町8-3 ぽらむの家(旧夢空間）,,35.894279,139.785478,080-6785-4551,,,,,,https://poramu.1net.jp/,kodomoshyokudou@gmail.com,,,,,,3,月,,,,毎週月曜日：こども食堂　月・水曜日：学習支援,,100,100,100,100,300,,,,,1,,,埼玉県子ども食堂ネットワーク;埼玉フードパントリーネットワーク,,,,
165,11,埼玉県,越谷市,れいくのいえ,,,学習支援,越谷市レイクタウン9-1-28,,35.878724,139.815453,048-964-8000,,,,,,http://kodomo-shien.org/,koshigaya.kodomo.shen@gmail.com,,,,,,,,,,,　,,0,0,0,0,,大人は1円～300円の寄付制,,,,,,,埼玉県子ども食堂ネットワーク,,,,
166,11,埼玉県,春日部市,ベルヴィ越谷食堂,,,,春日部市谷原1-2-1,,35.97304,139.745916,,,,,,,https://www.utinaruheiwa.com/,scooprehe@gmail.com,,,,,,5,木,,,,第3木曜日,,0,0,0,0,300,,,,,,,,,,,,
167,11,埼玉県,戸田市,ひなたぼっこ（子ども食堂）,,,,戸田市,,,,,,,,,,http://genki365.net/gnkt01/mypage/index.php?gid=G0000226,todahinatabokko@gmail.com,,,,,,6,月,,,,奇数月、月曜日未定,,0,0,0,0,0,,,,,1,,,埼玉フードパントリーネットワーク,,,,
168,11,埼玉県,入間市,高倉スマイル広場,,,,入間市高倉4-6-20　入間市立高倉公民館,,35.836974,139.379476,04-2964-4626,,,,,,,,,,,,,6,土,,,,偶数月　第1土曜日,,,,,,100,子供はお手伝いすれば0円、有料は100円,,,,,,,,,,,
169,11,埼玉県,入間市,なかよし食堂,,,,入間市久保稲荷,,,,,,,,,,https://nakayoshi.irumacity.com/,info@mit.irumacity.com,,,,,,8,,,,,不定期,,100,100,100,100,100,,,,,,,,,,,,
170,11,埼玉県,入間市,ふじさわキッチン（藤の台公民館）,,,,入間市上藤沢406-31,,35.81821,139.397274,,,,,,,,at.sunny.leaf@gmail.com,,,,,,5,日,,11:00,15:00,第4日曜日,,0,0,0,0,300,,,,,,,,,,,,
171,11,埼玉県,朝霞市,おせっかいな食堂,,,,"朝霞市朝志ケ丘3-8-29　




あさひデイサ-ビス朝霞事業所",,35.822281,139.58349,,,,,,,,,,,,,,5,日,,,,毎月第4日曜日,,150,150,150,150,300,,,,,,,,埼玉県子ども食堂ネットワーク,,,,
172,11,埼玉県,朝霞市,あさかみらい子ども食堂,,,,朝霞市浜崎1-7-27 1F,,35.816808,139.589502,048-485-8295,,,,,,http://mirai-shokudo.com/index.html,,,,,,,4,金,,16:00,17:00,毎月第1、第3金曜日,,0,0,0,0,300,,,,,,,,埼玉県子ども食堂ネットワーク;あさか地区こども食DOネット,,,,
173,11,埼玉県,志木市,みんなでごはん,,,,志木市本町1-10-1　いろは遊学館,,35.831173,139.576564,048-474-6508,,,,,,,vc@shiki-syakyou.or.jp,,,,,,5,土,,17:00,19:00,毎月第2土曜日,,200,200,200,200,500,65歳以上は400円,,,,,,,,,,,
174,11,埼玉県,新座市,子ども食堂（子どもカレー）,,,,新座市栄4-5-23（栄中央集会所）,,35.774698,139.583245,,,,,,,,,,,,,,,,,,,,,,,,,,,,,,,,,,,,,
175,11,埼玉県,新座市,子供食堂,,,,新座市,,,,,,,,,,,,,,,,,,,,,,,,0,0,0,0,300,,,,,,,,,,,,
176,11,埼玉県,新座市,社協上六支部こども食堂(野火止上六支部),,,,新座市野火止6-22-12,,35.807371,139.566483,,,,,,,,,,,,,,6,,,,,年3回,,0,0,0,0,100,,,,,,,,,,,,
177,11,埼玉県,新座市,大和田1，2丁目子ども食堂,,,,新座市大和田,,,,,,,,,,,,,,,,,,,,,,,,,,,,,,,,,,,,,,,,
178,11,埼玉県,新座市,新座住宅子ども食堂,,,,新座市新座3-3-12（新座住宅分譲集会所）,,35.82130,139.55692,,,,,,,,,,,,,,,,,,,,,,,,,,,,,,,,,,,,,
179,11,埼玉県,新座市,アロハにいざ,,,,新座市道場2-14-12　新座私立中央公民館,,35.770053,139.562044,,,,,,,https://ohana-project-niiza.net/,ohana.project.niiza@gmail.com,,,,,,5,日,,,,毎月最終日曜日,,0,0,0,0,100,,,,,,,,埼玉県子ども食堂ネットワーク;あさか地区こども食DOネット,,,,
180,11,埼玉県,桶川市,みんなの食堂しゃきょう食堂,,,,桶川市末広2-8-29　桶川東公民館2階,,36.00618,139.571533,048-728-2221,,,,,,https://minna-no-ie.com/,okshakyo@green.ocn.ne.jp,,,,,,4,金,,17:30,18:30,毎月第1金曜日、第3金曜日,,0,0,0,0,300,,,,,,,,埼玉県子ども食堂ネットワーク,,,,
181,11,埼玉県,久喜市,きっちん・こすもす子ども食堂,,,,久喜市桜田3-10-2,,36.092462,139.685155,,,,,,,https://peraichi.com/landing_pages/view/kitchinkosumosu,kitchinkosumosu@gmail.com,,,,,,5,土,,11:30,13:00,毎月末の土曜日,,0,0,0,0,300,,,,,1,,,埼玉県子ども食堂ネットワーク;埼玉フードパントリーネットワーク,,,,
182,11,埼玉県,八潮市,子ども食堂ほっぺ,,,,八潮市新町103,,35.834579,139.829828,090-8043-2759,,,,,,,nanshuu@icloud.com,,,,,,5,土,,16:00,19:00,毎月第3土曜日,,0,0,0,0,300,,,,,,,,埼玉県子ども食堂ネットワーク,,,,
183,11,埼玉県,八潮市,Yashio　てらこや　cafe,,,学習支援;プレーパーク,八潮市大瀬1-5-7,,35.807739,139.84119,,,,,,,,　,,,,,,5,日,,,,毎月第1か第2の日曜日,,0,0,0,0,300,65歳以上は0円,,,,,,,,,,,
184,11,埼玉県,八潮市,7dayちょこっとランチ,,,プレーパーク,八潮市大字鶴ケ曽根414-1,,35.826889,139.838866,090-6927-1791,,,,,,http://wish8wish.jimdo.com/,wish82015@gmail.com,,,,,,5,,毎月7日,,,,,0,0,0,0,300,,,,,,,,埼玉県子ども食堂ネットワーク,,,,
185,11,埼玉県,富士見市,たくちゃん食堂,,,,富士見市鶴瀬西2-8-25,,35.845402,139.534085,049-265-7714,,,,,,http://www.turuse-takumi.com,takumi0827@bh.wakwak.com,,,,,,5,土,,11:30,12:30,毎月第3土曜日,,0,0,0,0,200,,,,,1,,,埼玉県子ども食堂ネットワーク;富士見子ども・若者の居場所応援ネットワーク,,,,
186,11,埼玉県,富士見市,子どもサロン「みつば」,,,学習支援,富士見市水谷東3丁目28-9(3丁目集会所),,35.839116,139.57836,090-5208-8964,,,,,,,m-shimizu0107@sea.plala.or.jp,,,,,,,,,,,,,100,100,100,100,,,,,,,,,,,,,
187,11,埼玉県,富士見市,みずほ台ポテトくらぶ,,,学習支援,富士見市,,,,,,,,,,,,,,,,,,,,,,,,100,100,100,100,200,,,,,,,,,,,,
188,11,埼玉県,三郷市,○△□子ども食堂,,,,三郷市,,,,,,,,,,,marusankakusikaku25@gmail.com,,,,,,5,水,,16:30,18:00,毎月第4水曜日 他、不定期でイベント開催,,0,0,0,0,0,,,,,,,,埼玉県子ども食堂ネットワーク,,,,
189,11,埼玉県,蓮田市,おたすけこども食堂,,,学習支援;プレーパーク,蓮田市西新宿1丁目22番地,,36.003543,139.655273,090-4060-4110,,,,,,http://otasuke.kitchen,soranohude@yahoo.co.jp,,,,,,5,金,,13:00,16:00,第3金曜日16:00～18:00（子供居場所開放）　第3土曜日13:00～16:00こども食堂　夏季7月～9月は15:00～18:00,,0,0,0,0,300,,,,,,,,埼玉県子ども食堂ネットワーク,,,,
190,11,埼玉県,幸手市,きらきら寺子屋こども塾,,,学習支援;プレーパーク,幸手市惣新田1465,,36.054635,139.775392,048-048-1172,,,,,,https://www.kira-hidetoshi.com/,kirakirahidetoshi@gmail.com,,,,,,7,,,,,春と秋に開催,,500,500,500,500,0,,,,,,,,子育て応援ネットワーク,,,,
191,11,埼玉県,ふじみ,コミュニティ広場にこまる,,,学習支援,ふじみ野市大井234　大井中央公民館大井分館,,35.848758,139.519767,,,,,,,https://nicomaru2071.wixsite.com/nicomaru,nicomaru2071@gmail.com,,,,,,5,水,,17:30,18:30,毎月第1水曜日,,0,100,100,100,300,,,,,,,,埼玉県子ども食堂ネットワーク,,,,
192,11,埼玉県,三芳町,みよしこども食堂,,,,三芳町藤久保327,,35.838689,139.534752,,,,,,,,,,,,,,5,月,,17:30,19:30,毎月第2月曜日,,0,0,0,0,300,,,,,,,,,,,,
193,11,埼玉県,三芳町,朝ごはんプロジェクト(三芳町社会福祉協議会),,,,三芳町藤久保3803-5,,35.845066,139.52798,,,,,,,http://www.miyoshi-shakyo.or.jp,miyo-sha@miyoshi-shakyo.or.jp,,,,,,3,水金,,,,毎週水・金,,0,0,0,0,0,,,,,,,,,,,,
194,11,埼玉県,吉見町,はれるや子ども食堂,,,,吉見町,,,,080-3087-1127,,,,,,,npo.trinity2019@gmail.com,,,,,,5,月,,,,毎月,,0,0,0,0,300,,,,,,,,埼玉県子ども食堂ネットワーク,,,,
195,11,埼玉県,神川町,２０ごはん(ニイゼロ),,,,神川町,,,,,,,,,,,,,,,,,5,,毎月20日,,,,,,,,,,,,,,,,,埼玉県子ども食堂ネットワーク,,,,
196,11,埼玉県,吉見町,こども食堂　しいの木ひろば,,,,吉見町,,,,,,,,,,https://kodomonoibasyo-yoshimi.jimdofree.com/,shiinokihiroba.yoshimi@gmail.com,,,,,,5,日,,10:30,12:30,毎月第4日曜　10:30～12:30,,,,,,,,,,,,,,埼玉県子ども食堂ネットワーク,,,,
197,11,埼玉県,戸田市,TODA夕暮れ子供食堂,,,,戸田市上戸田2丁目21-1  ,,35.812504,139.680735,048-486-9225,,,,,,,info@25farm.com,,,,,,5,土,,,,毎月第3土曜日,,0,0,0,0,,,,,,1,,,埼玉県子ども食堂ネットワーク;埼玉フードパントリーネットワーク;彩の子ネットワーク,,,,
198,11,埼玉県,ふじみ野市,めだか食堂,,,,ふじみ野市上福岡1-5-31(STビル1階めだかクラブ),,35.874331,139.514156,049-269-2155,,,,,,,fujimino@roukyou.gr.jp,,,,,,5,日,,,,毎月第2日曜日,,0,0,0,0,300,,,,,,,,,,,,
199,11,埼玉県,所沢市,みんなのお家（デコボコ子ども食堂）,,,,所沢市中新井3-2-13,,35.816556,139.469105,04-2942-6568,,,,,,https://minnahouse.himawari-kai.net/,yuaoso3722@yahoo.co.jp,,,,,,5,金,,,,保育（月火、木金）　こども食堂（月1回第4金）　お家利用　9:00～15:00,,100,100,100,100,,,,,,,,,,,,,
200,11,埼玉県,越谷市,ふくろう子ども食堂,,,,越谷市大竹160-2（大袋公民館）,,35.919137,139.767561,,,,,,,,harrytogugu@gmail.com,,,,,,5,土,,11:30,14:00,毎月第3土曜日,,100,100,100,100,300,,,,,1,,,,,,,
201,11,埼玉県,川越市,子ども食堂スマイリ（霞ヶ関北公民館）,,,,川越市的場北1丁目18-6　霞ヶ関北公民館,,35.926305,139.43773,,,,,,,https://smairi.webnode.jp/,sumairikawagoe@yahoo.co.jp,,,,,,5,金,,17:00,,毎月第4金曜日,,0,0,0,0,0,,,,,,,,,,,,
202,11,埼玉県,川越市,子ども食堂スマイリ（霞ヶ関西公民館）,,,,川越市笠幡3001-12　霞ヶ関西公民館,,35.910948,139.396543,,,,,,,https://smairi.webnode.jp/,sumairikawagoe@yahoo.co.jp,,,,,,5,日,,11:30,,毎月第2日曜日,,0,0,0,0,0,,,,,,,,,,,,
203,11,埼玉県,さいたま市,みんなの夢の音楽隊,,,プレーパーク,さいたま市桜区白鍬202-19,,35.878222,139.604763,,,,,,,https://yumeuta.com,info@yumeuta.com,,,,,,,,,,,定期,,0,0,0,0,0,,,,,,,,,,,,
204,11,埼玉県,川越市,ろっけん食堂,,,,川越市六軒町2-25-7,,35.92039465,139.4784216,080-4658-9034,,,,,,,neoikanae@gmail.com,,,,,,5,,,12:00,13:00,月1回（土日どちらか、不定期）,,0,0,0,0,300,,,,,,,,,,,,
205,11,埼玉県,桶川市,おけがわ子ども食堂輪空（りんく）,,,,桶川市川田谷2914,,35.99010808,139.5312319,090-9399-5988,,,,,,,oks.link2021@gmail.com,,,,,,5,日,,11:00,12:30,毎月第2日曜日,,0,0,0,0,300,,,,,,,,埼玉県子ども食堂ネットワーク,,,,
206,11,埼玉県,和光市,そらよみヤミー,,,,和光市,,,,,,,,,,https://www.wako-sus.org/sorayomiyummy/,,,,,,,,,,10:00,12:00,,,,,,,,,,,,,,,,,,,
207,11,埼玉県,富士見市,鶴瀬西・関沢子ども食堂まんぷく,,,,富士見市大字鶴馬3575-1　鶴瀬西交流センター調理室,,35.842125,139.534829,090-1267-2567,,,,,,https://ameblo.jp/manpuku0325/,manpuku2021＠ab.auone-net.jp,,,,,,5,木,,15:30,,毎月1回 第4木曜日,,100,100,100,100,300,現在はコロナで弁当配布 1食200,,,,,1,,埼玉県子ども食堂ネットワーク;富士見子ども・若者の居場所応援ネットワーク,,,,
208,11,埼玉県,富士見市,あにまーと,,,,富士見市関沢3-23-41,,35.836786,139.543059,049-256-7423,,,,,,https://mizuhoen.com/,yoshidami417@gmail.com,,,,,,5,土,,11:30,,毎月第3土曜日,,300,300,300,300,300,,,,,,,,富士見子ども・若者の居場所応援ネットワーク,,,,
209,11,埼玉県,越谷市,こども食堂かなう,,,,越谷市柳町1-14,,35.894107,139.789952,070-8959-5391,,,,,,https://www.instagram.com/kanaushokudou/,kanaushokudou@gmail.com,,,,,,5,日,,12:00,13:00,毎月一回　最終日曜日に開催,,0,0,0,0,300,,,,,,,,埼玉県子ども食堂ネットワーク,,,,
210,11,埼玉県,所沢市,ぽかぽか広場・山口（椿峰コミュニティ会館）,,,学習支援,所沢市小手指南3丁目57-9,,35.785203,139.433926,,,,,,,,tokopan.yamaguchi@gmail.com,,,,,,5,木,,,,月第4木曜日,,0,0,0,0,0,,,,,1,,,とこぱん所沢ネットワーク,,,,
211,11,埼玉県,所沢市,ぽかぽか広場・山口（山口公民館　夏休み昼食会）,,,学習支援,所沢市山口5004　山口公民館,,35.78428,139.4391,,,,,,,,tokopan.yamaguchi@gmail.com,,,,,,,,,,,,,,,,,,,,,,1,,,とこぱん所沢ネットワーク,,,,
212,11,埼玉県,所沢市,ぽかぽか広場・山口（南林宅　昼食会）,,,学習支援,所沢市,,,,,,,,,,,tokopan.yamaguchi@gmail.com,,,,,,5,土,,,,毎月第3土曜日,,,,,,,,,,,1,,,,,,,
213,11,埼玉県,加須市,光明寺おてら食堂,,,プレーパーク,加須市本町14-43,,36.126703,139.60087,080-1008-8466,,,,,,,otera.shokudo@gmail.com,,,,,,5,,,,,月1回,,100,100,100,100,300,,,,,,,,埼玉県子ども食堂ネットワーク,,,,
214,11,埼玉県,本庄市,恩むすび,,,,本庄市銀座1-9-23,,36.238937,139.185435,0495-37-4417,,,,,,,hohoemiekubokawaiina@ezweb.ne.jp,,,,,,5,,,,,1ヶ月に一回目安。食堂やってるので、できるときいつでも提供できれば,,0,0,0,0,,,,,,,,,埼玉県子ども食堂ネットワーク,,,,
215,11,埼玉県,小川町,小川町みんなの食堂,,,,小川町角山133,,36.059625,139.26369,0493-81-6181,,,,,,,Ogawa108@town.saitama_ogawa.lg.jp,,,,,,5,土,,,,毎月第3土曜日,,100,100,100,100,300,,,,,,,,埼玉県子ども食堂ネットワーク,,,,
216,11,埼玉県,戸田市,スマイルエンジョイプロジェクトとだっ子食堂,,,,戸田市本町2-10-1,,35.809317,139.677094,048-433-8881,（スマイル戸田）,,,,,,todakko-shokudo@dune.ocn.ne.jp,,,,,,5,土,,,,毎月末の土曜日,,0,0,0,0,0,,,,,1,,,埼玉県子ども食堂ネットワーク,,,,
217,11,埼玉県,久喜市,子ども食堂ぬくもり,,,学習支援,久喜市本町2-4-10,,36.066304,139.670342,090-8773-5690,,,,,,,,,,,,,4,火,,,,毎月第1・3火曜日,,0,0,0,0,300,,,,,,,,埼玉県子ども食堂ネットワーク,,,,
218,11,埼玉県,深谷市,いちご食堂,,,,深谷市菅沼165,,36.143466,139.287846,080-9818-2334,,,,,,,,,,,,,5,土,,11:00,12:30,毎月第4土曜日,,100,100,100,100,200,,,,,,,,,,,,
219,11,埼玉県,深谷市,まありのいえこども食堂,,,,深谷市上野台3353-5,,36.185496,139.269483,080-9349-1129,,,,,,http://maarinoie.localinfo.jp,ohirune-tanpopochan1129@ezweb.ne.jp,,,,,,5,金,,17:30,18:30,毎月第3金曜日（時間はテイクアウト期間）,,0,100,100,200,200,,,,,,,,,,,,
220,11,埼玉県,草加市,こども食堂　～ペンギン村～,,,,草加市高砂1-8-8,,35.825025,139.806614,048-918-4005,,,,,,,gami0128@gmail.com,,,,,,6,日,,,,奇数月　最終日曜日,,0,0,0,0,300,,,,,,,,こども応援ネットワークPine,,,,
221,11,埼玉県,日高市,日高こどな食堂,,,,日高市高萩東2-10-1,,35.9096,139.380091,090-7288-5398,,,,,,,hachi012@yahoo.co.jp,,,,,,5,日,,12:00,,毎月第2日曜日,,50,50,50,50,200,,,,,,,,埼玉県子ども食堂ネットワーク,,,,
222,11,埼玉県,伊奈町,伊奈こども食堂,,,,伊奈町学園2-196-5,,36.00896,139.613425,080-6428-8356,,,,,,https://beets-kitchen.com,juicy461211@gmail.com,,,,,,5,土,,11:00,12:00,毎月第1土曜日,,100,100,100,100,300,ひとり親、障害児は0円,,,,,,,埼玉県子ども食堂ネットワーク,,,,
223,11,埼玉県,ふじみ野市,どん亭子供食堂,,,,ふじみ野市上福岡1-10-2　エーデルビル2F,,35.875984,139.511914,049-265-5291,,,,,,,,,,,,,4,月,,17:00,19:00,毎月第2・第4月曜日,,0,0,0,0,300,,,,,,,,ふじみ野市役所ホームページ,,,,
224,11,埼玉県,川越市,こども食堂　川越エンゼルトランペット,,,,川越市的場2173-29　ひかり福音協会内,,35.927901,139.439577,049-299-4633,,,,,,https://jh1hxl.wixsite.com/angeltrumpet,jh1hxl@yahoo.co.jp,,,,,,4,土,,11:00,13:00,毎月第2・第4土曜日,,100,100,100,100,300,,,,,,,,埼玉県子ども食堂ネットワーク,,,,
225,11,埼玉県,所沢市,和田子ども食堂,,,,所沢市東所沢和田2-18-11,,35.794326,139.507132,070-6517-4782,,,,,,https://tgenkijuku.com/,tokorozawagenkijuku@gmail.com,,,,,,4,火土,,,,第2(土)　第4(火),,100,100,100,100,100,,,,,1,,,,,,,
226,11,埼玉県,熊谷市,NPO法人若者支援ひろば三愛        ,,,学習支援,熊谷市宮町2-132 林ビル4階	,,36.145872,139.388055,080-8913-3794,,,,,,https://ibasyo31.wixsite.com,ibasyo31@gmai.com,,,,,,2,火金日,,,,毎週3回　火曜日15:00〜20:00、金曜日13:30〜20:00、日曜日13:30〜18:00,,0,0,0,0,0,,,,,,,,,,,,
227,11,埼玉県,新座市,栄五丁目支部 子ども食堂,,,,新座市栄5-2-17,,35.773836,139.58137,,,,,,,,,,,,,,,,,,,,,0,0,0,0,100,,,,,,,,,,,,
228,11,埼玉県,さいたま市,ケア型子ども食堂なないろキッチン（岩槻区）,,,,さいたま市岩槻区,,,,090-6031-8732,,,,,,,,,,,,,5,土,,,,毎月第1土曜日,,0,0,0,0,300,,,,,,,,埼玉県子ども食堂ネットワーク;さいたま市子ども食堂ネットワーク,,,,
229,11,埼玉県,滑川町,エシカルライフカフェリーフ,,,,滑川町みなみ野2-6-2,,36.044261,139.37422,,,,,,,,,,,,,,,,,,,,,0,0,0,0,500,,,,,,,,埼玉県子ども食堂ネットワーク,,,,
230,11,埼玉県,さいたま市,いわつきはるみ子ども食堂,,,学習支援,さいたま市岩槻区西町4-4-19,,35.9588,139.689801,048-758-6118,,,,,,,,,,,,,5,火,,12:00,17:00,隔月第2・第4火曜日,,0,0,0,0,300,,,,,,,,埼玉県子ども食堂ネットワーク,,,,
231,11,埼玉県,熊谷市,あいだいな～,,,,熊谷市,,,,,,,,,,,,,,,,,5,日,,,,毎月第4日曜11:30～13:00、16:30～17:00,,0,0,0,0,,大人は600円～800円、妊婦は0円,,,,,,,,,,,
232,11,埼玉県,秩父市,なの花,,,,秩父市太田895,,36.055695,139.059729,090-9348-5765,,,,,,,Owz23592278x417@ezweb.ne.jp,,,,,,,,,,,コロナが終了を見てから開催の予定です。,,,,,,,,,,,,,,埼玉県子ども食堂ネットワーク,,,,
233,11,埼玉県,朝霞市,あさかニコまる食堂,,,,朝霞市,,,,070-4115-0756,,,,,,,liaison.terre@gmail.com,,,,,,5,金,,17:00,19:30,毎月１回、原則第４金曜日(現在コロナ対策のため開催日と時間を変更する場合が多くなっています),,0,0,0,0,300,18歳まで0円,,,,,,,埼玉県子ども食堂ネットワーク;あさか地区こども食DOネット,,,,
234,11,埼玉県,川口市,安行げんき食堂,,,,川口市安行出羽1-3-24　喫茶　一隅,,35.851356,139.760295,,,,,,,,,,,,,,3,土,,11:00,13:00,毎週土曜日,,0,0,0,0,300,,,,,,,,,,,,
235,11,埼玉県,草加市,IMAいなり食堂,,,,草加市,,,,,,,,,,,usmyke725@yahoo.co.jp,,,,,,,,,,,,,,,,,,,,,,,,,こども応援ネットワークPine,,,,
236,11,埼玉県,入間市,黒須にじいろ広場,,,プレーパーク,入間市黒須2丁目3-13,,35.844985,139.384571,,,,,,,,kurosu.nijiiro@gmail.com,,,,,,6,,,,,2ヶ月に1回程度,,0,0,0,0,0,現在は0円,,,,,,,こども食堂ネットワークいるま,,,,
237,11,埼玉県,入間市,子ども食堂nukunuku,,,,入間市豊岡2-2-8,,35.834502,139.384992,,,,,,,,,,,,,,5,,,11:00,14:00,毎月最終土or日曜日,,,,,,,,,,,,,,こども食堂ネットワークいるま,,,,
238,11,埼玉県,久喜市,みんなのカフェテリア,,,,入間市,,,,04-2962-6922,,,,,,,,,,,,,,,,,,,,,,,,,,,,,,,,こども食堂ネットワークいるま,,,,
239,11,埼玉県,久喜市,菖蒲文化会館 こどもCafé Arts ＆ Eats,,,学習支援,久喜市菖蒲町菖蒲85-1　久喜市菖蒲文化会館,,36.061608,139.603219,0480-87-1377,,,,,,https://www.kuki-bunka.jp/kodomo-cafe/,,,,,,,5,,,,,毎月1回,,0,0,0,0,,,,,,,,,,,,,
240,11,埼玉県,北本市,SARAちゃん食堂,,,,北本市,,,,,,,,,,,,,,,,,,,,,,,,,,,,,,,,,,,,埼玉県子ども食堂ネットワーク,,,,
241,11,埼玉県,三郷市,CURVOこども食堂三郷店,,,,三郷市,,,,080-9776-0888,,,,,,https://msl.or.jp/,info@msl.or.jp,,,,,,,,,,,,,0,0,0,0,300,,,,,1,,,,,,,
242,11,埼玉県,川越市,ちょうちん村。こども食堂,,,,川越市,,,,,,,,,,,,,,,,,,,,,,,,,,,,,,,,,,,,埼玉県子ども食堂ネットワーク,,,,
243,11,埼玉県,北本市栄,くりりんCafe,,,,北本市栄7番地1-26-102,,,,090-6032-5475,,,,,,,,,,,,,,,,,,,,,,,,,,,,,,,,きたもとBASE,,,,
244,11,埼玉県,さいたま市,子ども食堂Omusubi,,,,さいたま市,,,,,,,,,,,omusubi.lego@gmail.com,,,,,,3,月金,,17:00,19:00,毎週月・金曜日,,0,0,0,0,300,,,,,,,,埼玉県子ども食堂ネットワーク,,,,
245,11,埼玉県,さいたま市,みんなの居場所+浦和子ども食堂,,,,さいたま市浦和区東仲町8-19,,,,,,,,,,,,,,,,,,,,,,,,,,,,,,,,,,,,埼玉県子ども食堂ネットワーク,,,,
246,11,埼玉県,所沢市,所沢みんなの食堂　ぬくもり,,,,所沢市東所沢5-1-10　さがみ典礼　東所沢駅前葬斎センター,,35.793539,139.514381,,,,,,,,shokudou.nukumori@gmail.com,,,,,,5,日,,11:30,12:00,毎月1回友引の日曜日,,100,100,100,100,500,,,,,,,,埼玉県子ども食堂ネットワーク,,,,
247,11,埼玉県,鴻巣市,こどもレストラン「ゆめ」,,,,鴻巣市本町1-1-3　エルミ2　4階,,36.05948,139.510723,048-501-8613,,,,,,,kounos-yumenomi@kxd.biglobe.ne.jp,,,,,,5,土,,12:00,13:30,毎月第1土曜日,,0,0,0,0,200,,,,,,,,埼玉県子ども食堂ネットワーク,,,,
248,11,埼玉県,坂戸市,Happy-lucky-café,,,学習支援;プレーパーク,坂戸市西坂戸五丁目34-1（城山公民館）,,35.929506,139.333792,0492-71-7784,,,,,,,,,,,,,,,,,,,,,,,,,0円～100円,,,,,,,,,,,
249,140007,神奈川県,横浜市,大家族食堂さくら食堂,ダイカゾクショクドウサクラショクドウ,,,横浜市金沢区西柴3-17-7,,,,(045)516-8560,,,,,,http://sakurachaya.moo.jp/,sakuracafe2448@gmail.com,,,,,,4,金,,17:00,19:30,第2金曜日、第4金曜日,,0,100,100,100,300,,,,,,,,,,,,
250,140007,神奈川県,横浜市,なまむぎこども食堂,ナマムギコドモショクドウ,,,横浜市鶴見区生麦4-6-4,,,,(080)8865-7536,,,,,,https://www.facebook.com/生麦こども食堂,namamugikodomoshokudou@gmail.com,,,,,,4,金,,18:00,19:00,第1金曜日、第3金曜日,,0,0,0,0,0,,,,,,,,,,,,
251,140007,神奈川県,横浜市,ムーミンなかま食堂,ムーミンナカマショクドウ,,,横浜市西区中央2-6-4,,,,(045)315-2141,,,,,,http://moomin-asobi.org,nakamano-mori-soumu@ecnt.net,,,,,,5,,,17:00,19:00,,,0,,,200,200,,,,,,,,,,,,
252,140007,神奈川県,横浜市,ムーミンなかま食堂,ムーミンナカマショクドウ,,,横浜市西区南浅間町29-21,マック西横浜コート1階,,,(045)315-2141,,,,,,http://moomin-asobi.org,nakamano-mori-soumu@ecnt.net,,,,,,5,,,16:30,18:00,,,0,,,200,200,,,,,,,,,,,,
253,140007,神奈川県,横浜市,月の子こども食堂,ツキノコドモショクドウ,,,横浜市保土ケ谷区上星川2-2-7,ロイヤル上星川ビル1階A号室,,,(080)2131-8906,,,,,,https://chat-hodogaya.yokohama,chat_hodogaya@yahoo.co.jp,,,,,,2,火,,18:00,19:00,毎週火曜日,,,0,0,500,500,,,,,,,,,,,,
254,140007,神奈川県,横浜市,出張星の子こども食堂,シュッチョウホシノコドモショクドウ,,,横浜市保土ケ谷区上星川2-2-7,ロイヤル上星川ビル1階A号室,,,(080)2131-8906,,,,,,https://chat-hodogaya.yokohama,chat_hodogaya@yahoo.co.jp,,,,,,4,水,,17:00,20:00,第2水曜日、第4水曜日,,0,0,0,0,,,,,,,,,,,,,
255,140007,神奈川県,横浜市,無料配布会（ヘルキーカフェ）,ムリョウハイフカイ（ヘルキーカフェ）,,,横浜市保土ケ谷区常盤台53-2,,,,(080)2131-8906,,,,,,https://chat-hodogaya.yokohama,chat_hodogaya@yahoo.co.jp,,,,,,6,金,,15:00,16:00,第2金曜日,,,0,0,500,500,,,,,,,,,,,,
256,140007,神奈川県,横浜市,地域食堂りり庵,チイキショクドウリリアン,,,横浜市,,,,(090)9316-0226,,,,,,https://rian.1web.jp/,rian.kyoten@gmail.com,,,,,,5,木,,,,第4木曜日、開催時間不定期,,150,150,150,150,150,,,,,,,,,,,,
257,140007,神奈川県,横浜市,あんさんぶるこども・ちいき食堂,アンサンブルコドモ・チイキショクドウ,,,横浜市旭区左近山1186-6,左近山団地7-10-104,,,(045)352-0191,,,,,,,omoiyarinet7107@gmai.com,,,,,,4,土,,9:30,11:30,第2土曜日,,0,,,,100,15歳以下無料,,,,,,,,,,,
258,140007,神奈川県,横浜市,いちさわラボこどもしょくどうカフェ,イチサワラボコドモショクドウカフェ,,,横浜市旭区市沢町9,,,,(090)4753-7606,,,,,,https://www.facebook.com/ichisawalabo,ichisawalabo@ymail.ne.jp,,,,,,4,木,,,,第1木曜日、 曜日・時間は会場の予約がとれた枠で、10時～14時位の間で都度設定,,,,,,,会食は子ども100円、大人300円。カフェやイベントは1人100円または1家族100円など,,,,,,,,,,,
259,140007,神奈川県,横浜市,みんなの食卓kitchenあんぶれら,ミンナノショクタクキッチンアンブレラ,,,横浜市旭区川島町2886-4,,,,(070)6947-2954,,,,,,,kitchen.umbrella0618@gmail.com,,,,,,5,,,11:00,15:00,,,100,100,100,100,200,,,,,,,,,,,,
260,140007,神奈川県,横浜市,こどもすまいる食堂,コドモスマイルショクドウ,,,横浜市磯子区滝頭2-30-1,,,,(090)8023-2392,,,,,,https://www.facebook.com/groups/201168190499972,mngo13203@gmail.com,,,,,,5,金,,17:00,18:00,第3金曜日,,0,0,0,0,300,,,,,,,,,,,,
261,140007,神奈川県,横浜市,キッズカフェ杉田,キッズカフェスギタ,,,横浜市磯子区中原,,,,(045)772-1716,,,,,,https://sugita-christ-church.jimdo.com/kidscafe/,psalms027@gmail.com,,,,,,5,土,,12:00,13:00,第4土曜日,,0,0,0,0,100,,,,,,,,,,,,
262,140007,神奈川県,横浜市,かさまごはん,カサマゴハン,,,横浜市栄区笠間1-1-1,,,,(045)890-0800,,,,,,,kasamagohan@gmail.com,,,,,,5,木,,17:00,19:20,第4木曜日,,0,100,100,100,200,,,,,,,,,,,,
263,140007,神奈川県,横浜市,桂台げんき食堂,カツラダイゲンキショクドウ,,,横浜市栄区桂台中4-5,,,,(090)7423ｰ9513,,,,,,,hiro6168yoshi@yahoo.co.jp,,,,,,5,火,,15:00,16:30,こども食堂は月1回だが毎週1回学習室として開催,,100,100,100,100,300,,,,,,,,,,,,
264,140007,神奈川県,横浜市,子ども食堂七福尽,コドモショクドウシチフクジン,,,横浜市金沢区寺前1-5-27-101,,,,(080)1020-2883,,,,,,https://yu-nagi.org,goldship715@gmail.com,,,,,,3,水,,16:00,19:00,毎週水曜日,,0,0,0,0,300,,,,,,,,,,,,
265,140007,神奈川県,横浜市,みんなでごはん,ミンナデゴハン,,,横浜市金沢区富岡東3-14-47,,,,(090)6923-8783,,,,,,,cony.11.422@gmail.com,,,,,,5,土,,10:45,13:30,,,100,100,100,100,300,,,,,,,,,,,,
266,140007,神奈川県,横浜市,なないろのあした食堂,ナナイロノアシタショクドウ,,,横浜市戸塚区戸塚町145,小川庵,,,(070)2161-4926,,,,,,https://dothemotion.tokyo,shota-suda@ocean-group.co.jp,,,,,,4,火,,16:00,18:00,第2火曜日、第4火曜日,,0,0,0,0,200,,,,,,,,,,,,
267,140007,神奈川県,横浜市,多世代地域交流食堂みらころ,タセダイチイキコウリュウショクドウミラコロ,,,横浜市戸塚区川上町4-4,,,,(090)6159-1663,,,,,,https://miracolo.crayonsite.net/,miracolokiseki@gmail.com,,,,,,5,木,,16:00,19:30,第3木曜日,,0,0,0,100,300,,,,,,,,,,,,
268,140007,神奈川県,横浜市,つどい食堂,ツドイショクドウ,,,横浜市戸塚区東俣野町1705,,,,(090)2240-3359,,,,,,,kiuchi@nagominosono.jp,,,,,,,,,11:00,15:00,現在休止,,0,0,0,0,300,,,,,,,,,,,,
269,140007,神奈川県,横浜市,港南台こども食堂みんなのカフェ,コウナンダイコドモショクドウミンナノカフェ,,,横浜市港南区港南台5-3-1,,,,(090)5329-1559,,,,,,https://m.facebook.com/p/港南台こども食堂みんなのカフェ-100069361991072/,kaoreirioran@gmail.com,,,,,,5,火,,16:30,19:00,第3火曜日,,0,0,0,0,300,,,,,,,,,,,,
270,140007,神奈川県,横浜市,下田ほっと食堂,シモダホットショクドウ,,,横浜市港北区下田町4-1-1,,,,(090)6142-9469,,,,,,,info.s.kosodateouenkai@gmail.com,,,,,,5,,,17:30,19:30,開催時間②11:00〜13:00,,100,200,200,200,200,,,,,,,,,,,,
271,140007,神奈川県,横浜市,親子食堂,オヤコショクドウ,,,横浜市港北区錦が丘17-7,,,,(090)5557-4277,,,,,,https://kikuna-hiroba.com/,ashimiho228@gmail.com,,,,,,5,水,,17:00,19:00,第4水曜日,,0,0,0,0,300,,,,,,,,,,,,
272,140007,神奈川県,横浜市,大倉山ミエル,オオクラヤマミエル,,,横浜市港北区大倉山5-32-26,,,,(045)717-6778,,,,,,https://cafemiel.jimdofree.com/,miel.okurayama@gmail.com,,,,,,4,水金,,17:00,19:00,第1水曜日、第3金曜日,,0,0,0,0,0,,,,,,,,,,,,
273,140007,神奈川県,横浜市,ふれあいっこ三ツ沢,フレアイッコミツザワ,,,横浜市神奈川区三ツ沢東町2-29,,,,(090)1540-0316,,,,,,https//kids-33-comm.jimdofree.com/,manatee32zw0810@gmail.com,,,,,,5,水,,17:00,19:00,第1水曜日,,0,,,200,200,,,,,,,,,,,,
274,140007,神奈川県,横浜市,ナナ食堂,ナナショクドウ,,,横浜市青葉区あざみ野1−21−11,,,,(045)482-6717,,,,,,https://www.spacenana.com/,spacenana@gmail.com,,,,,,4,火,,12:00,,第1火曜日、第3火曜日,,0,0,0,0,500,,,,,,,,,,,,
275,140007,神奈川県,横浜市,満福いずみ食堂,マンプクイズミショクドウ,,,横浜市泉区中田東3-15-9,,,,(080)3155-0829,,,,,,https://www.facebook.com/profile.php?id=100064917841488,manpuku.izumi@gmail.com,,,,,,4,木,,17:00,19:00,第2木曜日、第4木曜日,,100,100,100,100,300,,,,,,,,,,,,
276,140007,神奈川県,横浜市,みやまえ食堂,ミヤマエショクドウ,,,横浜市泉区中田東4-59-41,,,,(090)4959-4939,,,,,,https://miyanomaestro.or.jp/,miyanomaesutoro@yahoo.co.jp,,,,,,4,水,,17:00,20:00,第1水曜日、第3水曜日,,300,300,300,300,300,,,,,,,,,,,,
277,140007,神奈川県,横浜市,子ども食堂とアート体験,コドモショクドウトアートタイケン,,,横浜市中区寿町4-14-4,,,,(090)1261-1308,,,,,,https://www.acchicocchi.com/,info@acchicocchi.com,,,,,,5,火,,18:00,20:30,,,0,0,0,0,500,,,,,,,,,,,,
278,140007,神奈川県,横浜市,駒岡丘の上こども食堂,コマオカオカノウエコドモショクドウ,,,横浜市鶴見区駒岡4-28-5,,,,(045)571-0035,,,,,,"https://komaoka-cc.com/
",shichida_n@komaoka-cc.com,,,,,,4,木,,17:30,19:00,第1木曜日、第3木曜日,,200,200,200,200,300,,,,,,,,,,,,
279,140007,神奈川県,横浜市,奏ロケット,カナデロケット,,,横浜市都筑区池辺町4328,,,,(045)507-4528,,,,,,https://www.kanadehiroba.com/,d_kobuta@yahoo.co.jp,,,,,,2,,,17:00,19:00,,,0,0,0,0,300,,,,,,,,,,,,
280,140007,神奈川県,横浜市,センター北子ども・みんなの食堂,センターキタコドモ・ミンナノショクドウ,,,横浜市都筑区中川中央1−21−7,1F,,,(045)642-8077,,,,,,https://instagram.com/centerkita_kids_cafe?igshid=OGQ5ZDc2ODk2ZA==,kawai.k@kidsfore.co.jp,,,,,,4,水,,16:30,18:30,第1水曜日、第3水曜日,,0,0,0,0,0,,,,,,,,,,,,
281,140007,神奈川県,横浜市,わたぼうしエスニックキッチン,ワタボウシエスニックキッチン,,,横浜市南区浦舟町3-46,浦舟複合福祉施設10階,,,(090)1508-9483,,,,,,,asamiohmoto@yahoo.co.jp,,,,,,3,土,,14:00,16:00,毎週土曜日,,0,0,0,0,0,,,,,,,,,,,,
282,140007,神奈川県,横浜市,AsoBe場あそべは,アソベバ,,,横浜市南区中村町2-120-3,,,,(070)1500-2580,,,,,,,omoiyari.tai@gmail.com,,,,,,4,金,,16:00,18:00,第2金曜日、第4金曜日,,0,0,0,0,250,,,,,,,,,,,,
283,140007,神奈川県,横浜市,みなみ～な広場,ミナミ～ナヒロバ,,,横浜市南区南太田1-7-20,,,,(090)2142-4692,,,,,,,minamiina.hiroba@gmail.com,,,,,,6,日,,10:30,12:30,第4日曜日,,0,0,0,0,0,,,,,,,,,,,,
284,140007,神奈川県,横浜市,食堂のチカラ,ショクドウノチカラ,,,横浜市南区南太田4-2-20,ツインヒルズ1階,,,(090)3576-8388,,,,,,,fukasawa-y-h@pat.hi-ho.ne.jp,,,,,,5,金,,15:00,,第3金曜日、15時以降,,100,100,100,100,300,,,,,,,,,,,,
285,140007,神奈川県,横浜市,てのひら食堂,テノヒラショクドウ,,,横浜市南区睦町1-27,,,,(045)731-2539,,,,,,http://www.airinkai.com/,marumin@airinkai.com,,,,,,5,土,,11:00,15:00,第1土曜日,,0,100,100,100,300,,,,,,,,,,,,
286,140007,神奈川県,横浜市,子どもフリースペースいらっしゃい,コドモフリースペースイラッシャイ,,,横浜市南区六ツ川1-714,,,,(070)1502-0110,,,,,,https://sites.google.com/view/kodomo-free-space-irashai/,irassyai@jcoim.zaq.ne.jp,,,,,,4,土,,17:00,18:00,第1土曜日、第3土曜日,,0,0,0,0,300,,,,,,,,,,,,
287,140007,神奈川県,横浜市,みんなでキッチン,ミンナデキッチン,,,横浜市保土ヶ谷区狩場町325,,,,(090)3217-8725,,,,,,,kei552017@outlook.jp,,,,,,5,水,,17:00,19:00,第4水曜日,,100,100,100,100,300,,,,,,,,,,,,
288,140007,神奈川県,横浜市,あったか食堂,アッタカショクドウ,,,横浜市保土ケ谷区西谷3-15-1,,,,(045)371-3794,,,,,,"https://www.hodogaya-kumin.com/
",nishiyacc@hodogaya-kumin.com,,,,,,5,,,12:00,13:00,,,,100,100,100,,,,,,,,,,,,,
289,140007,神奈川県,横浜市,鴨居こども食堂ぱくぱく,カモイコドモショクドウパクパク,,,横浜市緑区鴨居5-29-8,,,,(045)934-7603,,,,,,,michikos@pp.iij4u.or.jp,,,,,,3,木,,17:00,19:30,毎週木曜日,,100,100,100,100,300,,,,,,,,,,,,
290,140007,神奈川県,川崎市,美波こども食堂,ミナミコドモショクドウ,,,川崎市麻生区上麻生2-20-15,,,,(044)455-5468,,,,,,https://asfell.co.jp,minami@asfell.co.jp,,,,,,5,金,,17:00,19:00,第3金曜日,,100,100,100,100,100,,,,,,,,,,,,
291,140007,神奈川県,川崎市,大家族ふるさと食堂,ダイカゾクフルサトショクドウ,,,川崎市川崎区宮本町3-7,,,,(090)1708-6635,,,,,,"https://www.facebook.com/furusatosyokudo/?locale=ja_JP

",tutomu-50storm@ab.cyberhome.ne.jp,,,,,,5,火,,18:00,19:00,第2火曜日,,0,0,0,0,500,大学生も無料,,,,,,,,,,,
292,140007,神奈川県,川崎市,大家族ふるさと食堂,ダイカゾクフルサトショクドウ,,,川崎市幸区中幸町4-21,,,,(090)1708-6635,,,,,,"https://www.facebook.com/furusatosyokudo/?locale=ja_JP

",tutomu-50storm@ab.cyberhome.ne.jp,,,,,,5,火,,18:00,19:00,第4火曜日,,0,0,0,0,500,大学生も無料,,,,,,,,,,,
293,140007,神奈川県,川崎市,喜多こども食堂,キタコドモショクドウ,,,川崎市多摩区中野島1-11-39,,,,(044)819-5246,,,,,,https://asfell.co.jp,kita@asfell.co.jp,,,,,,5,月,,17:00,19:00,第3月曜日,,100,100,100,100,100,,,,,,,,,,,,
294,140007,神奈川県,川崎市,日昇こども食堂,ヒガシコドモショクドウ,,,川崎市多摩区中野島6-6-8,,,,(044)281-0380,,,,,,https://asfell.co.jp,highashi@asfell.co.jp,,,,,,5,金,,17:00,19:00,第3金曜日,,100,100,100,100,100,,,,,,,,,,,,
295,140007,神奈川県,川崎市,ホッとスペース・和,ホットスペース・ワ,,,川崎市宮前区菅生1-2,,,,(090)6101-6470,,,,,,https://hottospacewa.jimdofree.com/,chizuruyamada86936@gmail.com,,,,,,5,木,,15:00,20:00,第2木曜日,,0,0,0,0,200,,,,,,,,,,,,
296,140007,神奈川県,川崎市,ホッとスペース・和,ホットスペース・ワ,,,川崎市宮前区菅生3-43-21,,,,(090)6101-6470,,,,,,https://hottospacewa.jimdofree.com/,chizuruyamada86936@gmail.com,,,,,,5,金,,15:00,20:00,第4金曜日,,0,0,0,0,200,,,,,,,,,,,,
297,140007,神奈川県,川崎市,はっぴぃまま子ども食堂,ハッピィママコドモショクドウ,,,川崎市,,,,(080)6704-0595,,,,,,,happymama@celdy.jp,,,,,,5,水,,17:00,19:00,第1水曜日,,0,200,200,200,300,,,,,,,,,,,,
298,140007,神奈川県,川崎市,みやざきだいこども食堂,ミヤザキダイコドモショクドウ,,,川崎市宮前区宮崎175-62,,,,(070)7461-1598,,,,,,https://www.doremikids.net,doremikids2015@gmail.com,,,,,,4,木,,17:00,19:00,第2木曜日、第4木曜日,,100,100,100,100,300,,,,,,,,,,,,
299,140007,神奈川県,川崎市,まちのテーブル,マチノテーブル,,,川崎市幸区南加瀬2-24-10,,,,(080)5037-3119,,,,,,,RXK16162@nifty.com,,,,,,5,水,,16:00,18:00,第3水曜日,,200,200,200,200,200,,,,,,,,,,,,
300,140007,神奈川県,川崎市,桜本こども食堂,サクラモトコドモショクドウ,,,川崎市川崎区桜本1-8-22,,,,(044)276-4800,,,,,,,fureaikan@seikyu-sha.com,,,,,,5,,,17:00,19:00,3週間に1回,,100,100,100,100,200,,,,,,,,,,,,
301,140007,神奈川県,川崎市,ホッとカフェ,ホットカフェ,,,川崎市中原区下小田中1-19-21,202,,,(044)777-7599,,,,,,https://hotspacenakahara.org/,hotspace.hotcafe@gmail.com,,,,,,4,火,,17:00,19:00,第2火曜日、第4火曜日,,0,0,0,0,0,,,,,,,,,,,,
302,140007,神奈川県,川崎市,みんなのこはるびより食堂,ミンナノコハルビヨリショクドウ,,,川崎市中原区宮内2-15-16,ガーデン桜1F,,,(044)982-9177,,,,,,https://www.instagram.com/koharubiyori0801/,kodomo.koharubiyori@gmail.com,,,,,,5,日,,12:00,13:00,第4日曜日,,0,0,0,0,0,,,,,,,,,,,,
303,140007,神奈川県,川崎市,まきまきキッチン,マキマキキッチン,,,川崎市中原区今井南町17-3,,,,(090)6036-4546,,,,,,https://makimaki-kitchen.jimdofree.com/,anzaimakiko98@gmail.com,,,,,,5,土,,10:00,14:00,第3土曜日,,0,0,0,0,300,,,,,,,,,,,,
304,140007,神奈川県,川崎市,どり～むキッチン,ドリ～ムキッチン,,,川崎市中原区上平間611-1,,,,(090)4375-7099,,,,,,http://hirama-dreamkitchen.space/,4722rcgx@jcom.zaq.ne.jp,,,,,,5,土,,12:00,14:00,第3土曜日,,0,100,100,100,300,,,,,,,,,,,,
305,140007,神奈川県,川崎市,ふらっとリビング,フラットリビング,,,川崎市麻生区栗平2-1-6,小田急マルシェ栗平2F,,,(070)8593-1287,,,,,,https://shin-yuri.jimdofree.com/,flatshinyuri@gmail.com,,,,,,5,水,,15:30,17:00,第2水曜日,,0,300,300,300,300,,,,,,,,,,,,
306,140007,神奈川県,川崎市,ワイワイごはん,ワイワイゴハン,,,川崎市麻生区東百合丘3-17-4,3階,,,(090)5552-0872,,,,,,,shimozma@gmail.com,,,,,,5,土,,17:00,19:00,,,100,100,200,200,200,,,,,,,,,,,,
307,140007,神奈川県,相模原市,子ども食堂ちゃお！,コドモショクドウチャオ！,,,相模原市中央区富士見2-13-1,,,,(070)3524-0408,,,,,,https://kodomoshokudouchao.amebaownd.com/,aprilkaede@gmail.com,,,,,,4,金,,17:00,19:00,第4金曜日,,0,0,0,0,300,,,,,,,,,,,,
308,140007,神奈川県,相模原市,あさみぞみんなの食堂,アサミゾミンナノショクドウ,,,相模原市南区下溝2067,,,,(070)8400-0394,,,,,,https://www.sagami-portal.com/hp/dnt10113/,asamizo.community.180701@gmail.com,,,,,,5,日,,11:00,14:00,第2日曜日、第4日曜日,,0,100,100,100,300,,,,,,,,,,,,
309,140007,神奈川県,相模原市,くぬぎこども食堂,クヌギコドモショクドウ,,,相模原市南区相南1-10-10,,,,(090)1913-0179,,,,,,https://www.instagram.com/kodomo.k2021/,kunugi.ks@gmail.com,,,,,,5,火,,16:30,17:00,第3火曜日,,,100,,,300,,,,,,,,,,,,
310,140007,神奈川県,相模原市,NPO法人ひよこ広場,エヌピーオーホウジンヒヨコヒロバ,,,相模原市南区相武台団地2-3-5,,,,(046)404-0540,,,,,,hiyokohiroba235.jimdofree.com,s.teruko.1951.aug.22@gmail.com,,,,,,5,日,,11:00,13:00,第4日曜日,,0,0,0,0,300,,,,,,,,,,,,
311,140007,神奈川県,相模原市,ぴよにわ子ども食堂,ピヨニワコドモショクドウ,,,相模原市南区相模大野3-3-2,bono相模大野サウスモール3階,,,(042)742-1723,,,,,,,piyoniwasagami@gmail.com,,,,,,5,,,18:00,18:40,大学の授業期間に月1回（年7回程度）、開催時間②18：50～19：30,,0,100,100,100,300,,,,,,,,,,,,
312,140007,神奈川県,相模原市,てらこや食堂ラッキーズ,テラコヤショクドウラッキーズ,,,相模原市南区相模大野6-11-25,,,,(090)3788-0462,,,,,,https://www.terakoya-luckys.com/,tsluckys1@gmail.com,,,,,,1,月火水木金,,16:30,19:00,,,,0,0,0,0,,,,,,,,,,,,
313,140007,神奈川県,相模原市,そんぽの家城山子ども食堂,ソンポノイエシロヤマコドモショクドウ,,,相模原市緑区原宿南3-17-6,,,,(042)783-8081,,,,,,https://www.sompocare.com/service/home/kaigo/H000272/,shiroyama_m@sompocare.com,,,,,,5,土,,11:00,,第3土曜日,,0,0,0,0,300,,,,,,,,,,,,
314,140007,神奈川県,横須賀市,横須賀なかま食堂,ヨコスカナカマショクドウ,,,横須賀市浦賀5-1-2,,,,(080)3485-0715,,,,,,,yokosukanekobu@yahoo.co.jp,,,,,,5,火,,17:00,19:00,第4火曜日,,0,0,0,0,0,,,,,,,,,,,,
315,140007,神奈川県,横須賀市,なかよし食堂,ナカヨシショクドウ,,,横須賀市久里浜1-6-8,,,,(080)5447-4863,,,,,,https://www.facebook.com/minnna.ibasyo,minakurihama2018@gmail.com,,,,,,5,木,,16:00,17:30,第3木曜日,,300,300,300,300,300,,,,,,,,,,,,
316,140007,神奈川県,横須賀市,よこすかなかながや朝ながや,ヨコスカナカナガヤアサナガヤ,,,横須賀市池上4-5-11,,,,(080)3445-7636,,,,,,https://yokosukanakanagaya.com/,yokosukanakanagaya@gmail.com,,,,,,1,月火水木金土,,7:00,8:00,,,0,0,0,0,0,,,,,,,,,,,,
317,140007,神奈川県,横須賀市,よこすかなかながや夜ながや,ヨコスカナカナガヤヨルナガヤ,,,横須賀市池上4-5-11,,,,(080)3445-7636,,,,,,https://yokosukanakanagaya.com/,yokosukanakanagaya@gmail.com,,,,,,1,月火水木金土,,7:00,8:00,,,0,0,0,0,0,,,,,,,,,,,,
318,140007,神奈川県,横須賀市,横須賀なかま食堂,ヨコスカナカマショクドウ,,,横須賀市本町2-1,,,,(080)3485-0715,,,,,,,yokosukanekobu@yahoo.co.jp,,,,,,5,土,,16:00,19:00,第3土曜日,,0,0,0,0,300,,,,,,,,,,,,
319,140007,神奈川県,横須賀市,ふれあいハッピー食堂,フレアイハッピーショクドウ,,,横須賀市野比2-4-15,カフェハッピーマウス,,,(070)1271-4815,,,,,,https://www.facebook.com/moco.moco.374549,eiyou@maekawa-care.co.jp,,,,,,5,,,12:00,15:00,開催時間②17:00～19:00、曜日・時間帯は不定期,,0,0,0,0,,大人は300円以上でご寄付をお願いいたします,,,,,,,,,,,
320,140007,神奈川県,平塚市,平塚バプテスト教会こひつじ食堂,ヒラツカバプテストキョウカイコヒツジショクドウ,,,平塚市豊原町4-5,,,,(0463)33-2320,,,,,,https://www.hiratsukabap1950.com/,hirabapbokushi@gmail.com,,,,,,4,金,,17:00,19:00,第3金曜日、第4金曜日,,200,200,200,200,200,,,,,,,,,,,,
321,140007,神奈川県,平塚市,ウエルシア×こども食堂,ウエルシア×コドモショクドウ,,,平塚市四之宮5-25-38,,,,(090)4248－9595,,,,,,https://www.facebook.com/miraikeiken,mirai.keiken@gmail.com,,,,,,5,金,,16:00,19:00,第4金曜日,,0,0,0,0,0,,,,,,,,,,,,
322,140007,神奈川県,平塚市,UBAカフェ,ウバカフェ,,,平塚市浅間町1-6,,,,(090)4248－9595,,,,,,https://www.facebook.com/miraikeiken,mirai.keiken@gmail.com,,,,,,5,日,,12:00,14:00,第2日曜日,,0,100,100,100,500,,,,,,,,,,,,
323,140007,神奈川県,平塚市,シェアディナー,シェアディナー,,,平塚市浅間町1-6,,,,(090)4248－9595,,,,,,https://www.facebook.com/miraikeiken,mirai.keiken@gmail.com,,,,,,5,水,,18:00,19:30,第4水曜日,,0,100,100,100,300,,,,,,,,,,,,
324,140007,神奈川県,平塚市,こども食堂ごはんだよ,コドモショクドウゴハンダヨ,,,平塚市万田1-15-15,,,,(090)5550-9491,,,,,,"
",kodomosyokudo.gohandayo@gmail.com,,,,,,5,水,,17:00,19:30,第3水曜日,,0,0,100,100,300,,,,,,,,,,,,
325,140007,神奈川県,平塚市,朝ごはん子ども食堂,アサゴハンコドモショクドウ,,,平塚市明石町19-24,飯塚ビル2F,,,(090)4248－9595,,,,,,https://www.facebook.com/miraikeiken,mirai.keiken@gmail.com,,,,,,5,月,,7:00,8:00,第1月曜日,,50,50,50,50,200,,,,,,,,,,,,
326,140007,神奈川県,鎌倉市,ふらっとカフェinおてら食堂,フラットカフェインオテラショクドウ,,,鎌倉市大町4-1-18,,,,,,,,,,https://www.flatcafekamakura.com/,flatcafekamakura@gmail.com,,,,,,5,,,13:00,15:00,,,0,0,0,,500,中学生まで無料,,,,,,,,,,,
327,140007,神奈川県,鎌倉市,ふらっとカフェinソンベカフェ,フラットカフェインソンベカフェ,,,鎌倉市御成町13-32,,,,,,,,,,https://www.flatcafekamakura.com/,flatcafekamakura@gmail.com,,,,,,5,水,,16:00,18:30,第4水曜日,,0,0,0,,500,中学生まで無料,,,,,,,,,,,
328,140007,神奈川県,鎌倉市,ふらっとカフェin二階堂,フラットカフェインニカイドウ,,,鎌倉市二階堂912-1,,,,,,,,,,https://www.flatcafekamakura.com/,flatcafekamakura@gmail.com,,,,,,5,金,,17:30,18:30,第3金曜日,,0,0,0,,500,中学生まで無料,,,,,,,,,,,
329,140007,神奈川県,鎌倉市,チルドレンズカフェきみえ食堂,チルドレンズカフェキミエショクドウ,,,鎌倉市二階堂4-6,,,,(046)773-7757,,,,,,https://www.facebook.com/profile.php?id=100043006599284,table4childrenscafe@gmail.com,,,,,,3,水,,17:00,19:00,毎週水曜日,,0,100,100,100,500,,,,,,,,,,,,
330,140007,神奈川県,藤沢市,長後みんなのおうち食堂,チョウゴミンナノオウチショクドウ,,,藤沢市下土棚800-1,,,,(070)6566-9018,,,,,,https://www.instagram.com/chogo.every2023.09,suzukyumail918@gmail.com,,,,,,5,日,,11:00,15:00,第3日曜日,,0,0,0,0,200,70歳以上無料,,,,,,,,,,,
331,140007,神奈川県,藤沢市,六会ご縁食堂,ムツアイゴエンショクドウ,,,藤沢市亀井野838-3,,,,(080)3405-3272,,,,,,,yo-ka1962@outlook.jp,,,,,,5,木,,17:00,19:00,第4木曜日,,100,100,100,100,300,,,,,,,,,,,,
332,140007,神奈川県,藤沢市,御所見スマイルカフェ,ゴショミスマイルカフェ,,,藤沢市宮原3471,,,,(090)9149-6024,,,,,,https://www.facebook.com/rainbowcafe.for.everyone,rainbow.smile.shonan@gmail.com,,,,,,5,月,,17:30,19:30,第2月曜日,,0,0,0,0,200,,,,,,,,,,,,
333,140007,神奈川県,藤沢市,にっこりかりん子ども食堂,ニッコリカリンコドモショクドウ,,,藤沢市城南1-22-7,,,,(0466)36-8101,,,,,,,ty-fujisawa@karin.or.jp,,,,,,5,金,,17:30,19:30,第4金曜日,,0,0,0,200,200,,,,,,,,,,,,
334,140007,神奈川県,藤沢市,SOMPO流子ども食堂,ソンポリュウコドモショクドウ,,,藤沢市大庭5131-1,,,,(070)1429-8837,,,,,,https://www.sompocare.com/service/zaitaku/dayservice/Z000009/message-detail/236248,hd_fujisawa_m@sompocare.com,,,,,,5,日,,11:00,15:00,第3日曜日,,0,0,0,0,300,,,,,,,,,,,,
335,140007,神奈川県,藤沢市,ゆめちゃん食堂,ユメチャンショクドウ,,,藤沢市渡内1-1-1,,,,(090)6538-2134,,,,,,,non_non754@jcom.zaq.ne.jp,,,,,,5,土,,12:00,14:00,第4土曜日,,0,0,0,0,300,,,,,,,,,,,,
336,140007,神奈川県,小田原市,からたちハウス,カラタチハウス,,,小田原市板橋189,,,,(090)2179-2823,,,,,,https://www.bing.com/ck/a?!&&p=584af1ea9b74fa79JmltdHM9MTcwMDAwNjQwMCZpZ3VpZD0zMTM3ZGI0MS0wNWIzLTY5MTctMmQ5OS1jOGY5MDQ4MTY4OTImaW5zaWQ9NTI4Ng&ptn=3&ver=2&hsh=3&fclid=3137db41-05b3-6917-2d99-c8f904816892&psq=%e7%a5%9e%e5%a5%88%e5%b7%9d%e7%9c%8c+%e3%81%8b%e3%82%89%e3%81%9f%e3%81%a1%e3%83%8f%e3%82%a6%e3%82%b9&u=a1aHR0cHM6Ly93d3cucHJlZi5rYW5hZ2F3YS5qcC9kb2NzL3N5OC9jbnQvZjUzNjkyOS9wMTIyOTA4My5odG1s&ntb=1,cbd02618@nifty.com,,,,,,3,金,,17:00,20:00,毎週金曜日,,0,0,0,0,0,,,,,,,,,,,,
337,140007,神奈川県,茅ヶ崎市,ほんそん子ども食堂いただきます,ホンソンコドモショクドウイタダキマス,,,茅ヶ崎市本村1-2-14,,,,(080)5536-8096,,,,,,https://salondethe.org/,hayakawa.hitomi1963@gmail.com,,,,,,5,木,,17:00,19:00,第1木曜日,,0,0,0,0,300,,,,,,,,,,,,
338,140007,神奈川県,茅ヶ崎市,かんさんち子ども食堂,カンサンチコドモショクドウ,,,茅ヶ崎市松が丘1-1-59,,,,(080)5536-8096,,,,,,https://salondethe.org/,hayakawa.hitomi1963@gmail.com,,,,,,5,金,,17:00,19:00,第3金曜日,,0,0,0,0,300,,,,,,,,,,,,
339,140007,神奈川県,茅ヶ崎市,こども食堂Kitchenからから,コドモショクドウキッチンカラカラ,,,茅ヶ崎市ひばりが丘7-23,,,,(090)3238-1648,,,,,,,shoji_sato@jcom.zaq.ne.jp,,,,,,5,土,,12:00,14:00,第3土曜日,,0,200,200,200,200,,,,,,,,,,,,
340,140007,神奈川県,茅ヶ崎市,コミュニティー食堂,コミュニティーショクドウ,,,茅ヶ崎市香川3-20-1,香川自治会館,,,(060)6024-3133,,,,,,https://renyituantishiawasepeidabian.webnode.jp/,tendeen2008@gmail.com,,,,,,4,日,,11:00,14:30,第2日曜日、第4日曜日,,0,0,0,0,300,,,,,,,,,,,,
341,140007,神奈川県,茅ヶ崎市,こどものわっか,コドモノワッカ,,,茅ヶ崎市小和田1-7-28,2,,,(090)9815-9212,,,,,,https://www.instagram.com/clinique_miyasaki/,kodomo@miyasaki-clinic.sakura.ne.jp,,,,,,5,木,,17:00,19:00,第2木曜日,,300,300,300,300,300,,,,,,,,,,,,
342,140007,神奈川県,茅ヶ崎市,こども食堂あかり,コドモショクドウアカリ,,,茅ヶ崎市新栄町13-6,,,,(090)7008-4270,,,,,,https://kodomo-smile-gohan.jimdosite.com/,kodomo.smile.gohan@gmail.com,,,,,,4,日,,11:30,14:00,第2日曜日、第4日曜日,,0,100,100,100,300,,,,,,,,,,,,
343,140007,神奈川県,茅ヶ崎市,みんなの居場所,ミンナノイバショ,,,茅ヶ崎市鶴が台9,,,,(090)3427-6290,,,,,,,taekoko55jp@yahoo.co.jp,,,,,,4,金,,17:00,19:00,第1金曜日、第3金曜日,,0,100,100,100,300,,,,,,,,,,,,
344,140007,神奈川県,茅ヶ崎市,こども食堂おいしいね,コドモショクドウオイシイネ,,,茅ヶ崎市東海岸北3-9-9,,,,,,,,,,https://www.facebook.com/profile.php?id=100057620012075,saiwaikodomo2@gmail.com,,,,,,5,木,,16:30,19:00,第2木曜日,,0,0,0,0,300,,,,,,,,,,,,
345,140007,神奈川県,逗子市,みんなの食堂・みんなのカフェ,ミンナノショクドウ・ミンナノカフェ,,,逗子市久木2-1-1,,,,(080)6680-9852,,,,,,https://instagram.com/minnano_cafe_zushi?igshid=MzRlODBiNWFlZA==,yukarin59@hotmail.com,,,,,,5,木,,11:00,16:00,第4木曜日,,0,0,0,0,0,,,,,,,,,,,,
346,140007,神奈川県,逗子市,仲町橋食堂,ナカチョウバシショクドウ,,,逗子市逗子5-12-15,,,,(090)9977-8849,,,,,,,bemmegu-1105@t.vodafone.ne.jp,,,,,,6,,,11:00,15:00,,,0,0,0,0,0,,,,,,,,,,,,
347,140007,神奈川県,秦野市,みんなの食堂☆広畑,ミンナノショクドウ☆ヒロハタ,,,秦野市下大槻174-4,,,,(090)6471-7073,,,,,,https://minnano-syokudo.jimdofree.com/,minnasyokudo@gmail.com,,,,,,4,金,,18:00,20:00,第1金曜日、第3金曜日,,0,0,0,0,300,,,,,,,,,,,,
348,140007,神奈川県,秦野市,みんなの食堂☆ラパニス,ミンナノショクドウ☆ラパニス,,,秦野市南矢名3-2-1,,,,(080)5003-0193,,,,,,,hiromimaeda50@gmail.com,,,,,,3,水,,7:30,8:30,毎週水曜日,,100,100,100,100,100,,,,,,,,,,,,
349,140007,神奈川県,大和市,たまめし食堂,タマメシショクドウ,,,大和市鶴間1-21-19,眞壁ビル3階NPO法人ワーカーズコレクティブチャイルドケア内,,,(080)5014-7384,,,,,,https://www.tamameshi.org/,kodomoshokudo.at.yamato@gmail.com,,,,,,5,日,,8:30,14:00,第4日曜日,,0,0,0,0,0,,,,,,,,,,,,
350,140007,神奈川県,大和市,かけはしキッチン,カケハシキッチン,,,大和市下和田262,県営いちょう下和田団地54号棟104号室,,,(090)9349-5410,,,,,,https://unitedkanagawa.jimdofree.com/,info.cocoro.makutoo@gmail.com,,,,,,2,,,11:00,14:00,,,0,0,0,0,200,,,,,,,,,,,,
351,140007,神奈川県,大和市,いちょう団地こども食堂,イチョウダンチコドモショクドウ,,,大和市下和田262,いちょう団地,,,(080)5677-4956,,,,,,https://www.facebook.com/profile.php?id-100063859080073,kogaschool@gmail.com,,,,,,5,日,,10:00,13:00,第3日曜日,,0,0,0,0,0,,,,,,,,,,,,
352,140007,神奈川県,大和市,わにわに食堂,ワニワニショクドウ,,,大和市桜森3-4-13,桜森スクエア3,,,(046)246-7608,,,,,,https://www.npo-sakuranomori.net/wani/,sakurano.mori@iaa.itkeeper.ne.jp,,,,,,3,月木,,15:00,18:00,第1月曜日、第2月曜日、第3木曜日、第4月曜日,,0,0,0,0,300,,,,,,,,,,,,
353,140007,神奈川県,座間市,こぼんのう食堂,コボンノウショクドウ,,,座間市,,,,(090)3508-5777,,,,,,https://www.facebook.com/kobon2020nou/about,kobon2020nou@gmail.com,,,,,,5,金,,16:30,18:30,第2金曜日,,0,0,0,0,200,,,,,,,,,,,,
354,140007,神奈川県,座間市,くりはらふれあい食堂,クリハラフレアイショクドウ,,,座間市栗原中央3-29-17,,,,(046)257-7210,,,,,,,kurihara.cc@jcom.home.ne.jp,,,,,,5,土,,11:00,13:30,第2土曜日,,,0,0,,,小中学生のみ,,,,,,,,,,,
355,140007,神奈川県,座間市,コチカフェ『みんなの食堂-2,コチカフェ『ミンナノショクドウ-2,,,座間市相模が丘5-30-4,,,,(070)1257-6604,,,,,,https://instagram.com/minnano.shokudou?igshid=YTQwZjQ0NmI0OA==&utm_source=qr,cochi.cafe.2019@gmail.com,,,,,,5,水,,17:30,19:30,第4水曜日,,250,250,250,250,250,,,,,,,,,,,,
356,140007,神奈川県,座間市,コチカフェ『みんなの食堂-1,コチカフェ『ミンナノショクドウ-1,,,座間市相模が丘5-9-25,桜ハイツ店左,,,(070)1257-6604,,,,,,https://instagram.com/minnano.shokudou?igshid=YTQwZjQ0NmI0OA==&utm_source=qr,cochi.cafe.2019@gmail.com,,,,,,5,水,,16:30,19:00,第3水曜日,,250,250,250,250,350,,,,,,,,,,,,
357,140007,神奈川県,座間市,夜ぽっけ,ヨルポッケ,,,座間市入谷西2-20-15,,,,(090)1474-0711,,,,,,https://active-mama-zama.jimdofree.com/,active_mama_zama@yahoo.co.jp,,,,,,5,金,,16:00,19:30,第4金曜日,,,,,,,100円からのカンパ制（0円でも可）,,,,,,,,,,,
358,140007,神奈川県,南足柄市,まんま遊〜と,マンマユウ～ト,,,南足柄市岩原240-1,サンハイツ中島102,,,(090)9151-8225,,,,,,,ay-janne@outlook.jp,,,,,,1,月,,11:00,18:30,毎週月曜日,,0,0,0,0,250,,,,,,,,,,,,
359,140007,神奈川県,綾瀬市,がじゅまる食堂,ガジュマルショクドウ,,,綾瀬市小園400-1,,,,(090)4444-6879,,,,,,https://gajumarusyokudou.grupo.jp/,gajumarutree2015@gmail.com,,,,,,3,火,,17:00,19:30,毎週火曜日,,0,200,200,200,400,親子利用500円,,,,,,,,,,,
360,140007,神奈川県,葉山町,みんなの子ども食堂,ミンナノコドモショクドウ,,,三浦郡葉山町堀内859-1,,,,(046)876-1965,,,,,,,lv_hayama@sompocare.com,,,,,,5,土,,11:00,14:00,,,0,0,0,0,0,,,,,,,,,,,,
361,140007,神奈川県,葉山町,あんじぇらごはん,アンジェラゴハン,,,葉山町一色1115-2,,,,(090)8514-9191,,,,,,Instagram「あんじぇらごはん」で検索,Angela.gohan2017@gmail.com,,,,,,5,水,,17:00,19:00,第4水曜日,,300,300,300,300,300,,,,,,,,,,,,
362,140007,神奈川県,寒川町,小谷こどもカフェ,コヤトコドモカフェ,,,高座郡寒川町小谷1-13-10,,,,090-3065-8412,,,,,,,misawa@samukawahome.com,,,,,,4,土,,10:30,12:30,第2土曜日、第4土曜日,,0,100,100,100,100,,,,,,,,,,,,
363,140007,神奈川県,箱根町,つながり食堂,ツナガリショクドウ,,,足柄下郡箱根町湯本475-8,,,,(090)5506-7309,,,,,,https://www.facebook.com/profile.php?id=100064047045071,sato-ctb@nifty.com,,,,,,5,木,,17:00,19:00,第1木曜日,,100,100,100,100,300,,,,,,,,,,,,
364,140007,神奈川県,愛川町,ぶどうの木,ブドウノキ,,,愛川町中津,,,,(080)4458-9679,,,,,,"https://budounoki-fp.wixsite.com/aikawa
",budou.fp.2021@gmail.com,,,,,,8,,,,,不定期,,0,0,0,0,,未定又は無料,,,,,,,,,,,
365,182109,福井県,坂井市,子ども食堂スマイル,コドモショクドウスマイル,みんなの居場所づくり,,福井県坂井市三国町加戸136-7-7,,36.231037,136.167424,,,,,,,,mikunisibushakyo@tuba.ocn.ne.jp,,,,,,5,日,毎月第4日曜日,10:00,12:00,,,100,100,100,100,300,,電話,事前申込,20,,,,,,,,
366,182109,福井県,坂井市,ふれあい食堂きべ丸,フレアイショクドウキベマル,,,福井県坂井市坂井町高柳117-9,,36.183387,136.1712758,(0776)72-0007,,,,,,,sakakibe-cc@city.fukui-sakai.lg.jp,,,,,坂井木部地区まちづくり協議会ふれあい食堂実行委員会,5,日,原則毎月第4日曜日,,,,,,,,,,,,事前申込,,,,,,,,,
367,182109,福井県,坂井市,大関居場所づくり～みんないっしょに～,オオゼキイバショヅクリ～ミンナイッショニ～,居場所づくり,助け合える関係づくり,福井県坂井市坂井町東12-5-1,大関コミニティセンター,36.18489295,136.218776,(0776)72-1957,,,,,,,tora.brabo@gmail.com,,,,,,5,土,毎月第一土曜日,9:00,13:00,,大関小学校子供、兄弟、父兄,100,100,100,100,200,,学校にチラシを配布,,,1,1,,,,,,
368,182109,福井県,坂井市,OIDE,オイデ,子どもの居場所,学習支援;多世代交流;キャリア教育;生涯学習,福井県坂井市丸岡町霞1丁目1-2,いこいの家内,36.1511069,136.270674,(090)9447-3872,,,,,,https://instagram.com/iwama_100_murabito?igshid=MzNlNGNkZWQ4Mg==,0071kazuy0@gmail.com,,,,,100人の村人プロジェクト,3,木,,15:30,19:00,体験イベント開催（随時）,小学生4年生から6年生と中学校生,-,300,300,,,チケット制,電話;インスタDM,体験イベントは上記の他に坂井市社会福祉協議会まるおか支部まで,10,,,,,,,,
369,182109,福井県,坂井市,えがお子ども食堂,エガオコドモショクドウ,誰でも参加できる子ども真ん中のみんなの居場所,学習支援;遊び,福井県坂井市丸岡町西里丸岡12-9-3,丸岡バスターミナルにぎわい広場,36.14940438,136.2676361,(090)8268-0534,,,,,(0776)67-1899,,,,,,,,5,日,毎月第4日曜日,11:00,13:00,,たれでも,0,100,100,100,200,,申し込み書を社協丸岡支部へ提出,,500,,1,,,,,,
370,182109,福井県,坂井市,西瓜屋子ども食堂,ニシウリヤコドモショクドウ,居場所づくり,居場所づくり,福井県坂井市丸岡町西瓜屋9-25-2,,36.1445065,136.2706562,(0776)89-1083,,,,,,,kukulu0990@docomo.ne.jp,,,,,KUKULU.~くくる～,2,水木金土日,,12:00,20:00,,誰でも,330,330,330,330,330,,電話,,,,1,,,,,,
371,472115,沖縄県,沖縄市,一般社団法人みんなのももやま子ども食堂,イッパンシャダンホウジンミンナノモモヤマコドモショクドウ,,生活指導;学習支援;就学支援;キャリア支援,沖縄市上地3-20-12,,26.334938,127.790497,(098)939-1212,,,,2282,,,,,,,,,1,月火水木金,,13:00,20:00,開所日、時間については事業所によって変更する場合がありますのでご了承ください。,,,,,,,こどもの利用料は無料です。,居場所の利用および見学、各種お問い合わせは、こどもの居場所づくり支援員までご連絡ください。,,,,,,,,,,夕食提供
372,472115,沖縄県,沖縄市,夢空間たんぽぽ,ユメクウカンタンポポ,,生活指導;学習支援;キャリア支援,沖縄市泡瀬2-50-25,,26.31699,127.835392,(098)939-1212,,,,2282,,,,,,,,,1,月火水木金,,13:00,18:00,開所日、時間については事業所によって変更する場合がありますのでご了承ください。,,,,,,,こどもの利用料は無料です。,居場所の利用および見学、各種お問い合わせは、こどもの居場所づくり支援員までご連絡ください。,,,,,,,,,,軽食※必要に応じて夕食対応
373,472115,沖縄県,沖縄市,住吉国際ジュニア倶楽部,スミヨシコクサイジュニアクラブ,,生活指導;学習支援,沖縄市住吉1-11-23,,26.338288,127.807971,(098)939-1212,,,,2282,,,,,,,,,1,月火木金土,,16:00,20:00,開所日、時間については事業所によって変更する場合がありますのでご了承ください。,,,,,,,こどもの利用料は無料です。,居場所の利用および見学、各種お問い合わせは、こどもの居場所づくり支援員までご連絡ください。,,,,,,,,,,夕食提供
374,472115,沖縄県,沖縄市,ここキッズ,ココキッズ,,生活指導;学習支援,沖縄市高原5-18-1,,26.321323,127.82803,(098)939-1212,,,,2282,,,,,,,,,3,月金,,15:00,19:00,開所日、時間については事業所によって変更する場合がありますのでご了承ください。,,,,,,,こどもの利用料は無料です。,居場所の利用および見学、各種お問い合わせは、こどもの居場所づくり支援員までご連絡ください。,,,,,,,,,,軽食提供
375,472115,沖縄県,沖縄市,美ら団子,チュラダンゴ,,生活指導;学習支援;就学支援;キャリア支援,沖縄市知花1-25-3,1階,26.360582,127.818184,(098)939-1212,,,,2282,,,,,,,,,1,火水木金土,,13:00,20:00,開所日、時間については事業所によって変更する場合がありますのでご了承ください。,,,,,,,こどもの利用料は無料です。,居場所の利用および見学、各種お問い合わせは、こどもの居場所づくり支援員までご連絡ください。,,,,,,,,,,平日夕（軽食）、週末昼・夕食
376,472115,沖縄県,沖縄市,こどな部,コドナブ,,生活指導;学習支援;就学支援,沖縄市美里仲原町7-25,,26.347007,127.825915,(098)939-1212,,,,2282,,,,,,,,,2,火木金,,14:00,19:00,開所日、時間については事業所によって変更する場合がありますのでご了承ください。,,,,,,,こどもの利用料は無料です。,居場所の利用および見学、各種お問い合わせは、こどもの居場所づくり支援員までご連絡ください。,,,,,,,,,,夕食提供
377,472115,沖縄県,沖縄市,おこすこや教室,オコスコヤキョウシツ,,生活指導;学習支援;就学支援;キャリア支援,沖縄市照屋4-12-2,,26.331924,127.817212,(098)939-1212,,,,2282,,,,,,,,,1,月火水木金,,14:00,21:00,開所日、時間については事業所によって変更する場合がありますのでご了承ください。,,,,,,,こどもの利用料は無料です。,居場所の利用および見学、各種お問い合わせは、こどもの居場所づくり支援員までご連絡ください。,,,,,,,,,,夕食提供（お弁当）
378,472115,沖縄県,沖縄市,学習支援ひろばくじら寺子屋,ガクシュウシエンヒロバクジラテラコヤ,,生活指導;学習支援;就学支援,沖縄市海邦2-9-10,,26.329979,127.83344,(098)939-1212,,,,2282,,,,,,,,,1,月火水木金,,13:00,19:00,開所日、時間については事業所によって変更する場合がありますのでご了承ください。,,,,,,,こどもの利用料は無料です。,居場所の利用および見学、各種お問い合わせは、こどもの居場所づくり支援員までご連絡ください。,,,,,,,,,,軽食（おやつを含む）提供
379,472115,沖縄県,沖縄市,エンカレッジ美里学習支援教室,エンガレッジミサトガクシュウシエンキョウシツ,,生活指導;学習支援;就学支援;キャリア支援,沖縄市松本4-16-42,,26.356678,127.817529,(098)939-1212,,,,2282,,,,,,,,,1,月火水木金,,14:00,21:00,開所日、時間については事業所によって変更する場合がありますのでご了承ください。,,,,,,,こどもの利用料は無料です。,居場所の利用および見学、各種お問い合わせは、こどもの居場所づくり支援員までご連絡ください。,,,,,,,,,,夕食提供（お弁当）
380,472115,沖縄県,沖縄市,ゆめさきスクール,ユメサキスクール,,生活指導;学習支援;就学支援;キャリア支援,沖縄市中央1-22-3,島中央店舗2階,26.337535,127.800168,(098)939-1212,,,,2282,,,,,,,,,1,月火水木金,,14:00,19:00,開所日、時間については事業所によって変更する場合がありますのでご了承ください。,,,,,,,こどもの利用料は無料です。,居場所の利用および見学、各種お問い合わせは、こどもの居場所づくり支援員までご連絡ください。,,,,,,,,,,夕食提供（お弁当）